{
  "generated": "2025-09-04T00:35:59.268358Z",
  "root": "/mnt/data/Prometheus_MERGED",
  "files": [
    {
      "path": "sources/EliteAIPlatform/README.md",
      "bytes": 477,
      "sha256": "3b96edfe4aa62e4639e9b50aa3ddeb2b38841389047a0a302ea7e86b3743ed3d"
    },
    {
      "path": "sources/EliteAIPlatform/scripts/install.sh",
      "bytes": 143,
      "sha256": "0db426a0577daf5e5fbba4bca8839362a5c8c24dc82455c03e9b0ad6281d25c2"
    },
    {
      "path": "sources/EliteAIPlatform/scripts/install.bat",
      "bytes": 137,
      "sha256": "2073d3d7e3da4d4a57a71a7b6fa7375a0df0d4ec0187a831cfc8f4a32489c032"
    },
    {
      "path": "sources/photo_diagnosis_app/frontend/DiagnosisTool.jsx",
      "bytes": 1214,
      "sha256": "faea8126dc5f0c587ac7b9e87c5ceb4290f1f4291fee7bc304136f7d58a8061b"
    },
    {
      "path": "sources/photo_diagnosis_app/backend/main.py",
      "bytes": 1977,
      "sha256": "c05d6bda6b11f983feb20dfd381be79453e60c754a733fa15d48788a9016fac2"
    },
    {
      "path": "sources/photo_diagnosis_app/backend/database.py",
      "bytes": 284,
      "sha256": "04a7bd939f4ce626b5eb1d6ac2f66a753d92d484aea75a13a4d52446a90e804d"
    },
    {
      "path": "sources/photo_diagnosis_app/database/schema.sql",
      "bytes": 564,
      "sha256": "c4c05beaefb9d52a02893b66265985e9543d52ce403a8d22fc08639c4ea940a0"
    },
    {
      "path": "sources/Wardog_Foundation_Core_20250414_053044/README.md",
      "bytes": 65,
      "sha256": "1c089a6b3bf809a271d2c2a7e28947231a4bc8cf23df9cfd8f6d61312268585b"
    },
    {
      "path": "sources/Wardog_Foundation_Core_20250414_053044/.gitignore",
      "bytes": 29,
      "sha256": "0aceabb6e0120638082b97e352a9e8f7d60f89e7f7d0d6c340b6c4d0675c7212"
    },
    {
      "path": "sources/Wardog_Foundation_Core_20250414_053044/requirements.txt",
      "bytes": 32,
      "sha256": "d8af0238b38e10b1ef4c6ee1f2a316b05ed665c493a00a512a18f47e4cb321b0"
    },
    {
      "path": "sources/Wardog_Foundation_Core_20250414_053044/Abyss/__init__.py",
      "bytes": 17,
      "sha256": "f882bfeffae507557ecc5505c717bb737fa59578879ef7e8cbe7be53ca0e8cbb"
    },
    {
      "path": "sources/Wardog_Foundation_Core_20250414_053044/BlueTeam_AI/__init__.py",
      "bytes": 23,
      "sha256": "975d16bc85f50dfea9cdced967787bf1ee78d0eaf6ce28bc9982e35d215acd24"
    },
    {
      "path": "sources/Wardog_Foundation_Core_20250414_053044/CRS_Engine/__init__.py",
      "bytes": 22,
      "sha256": "078b00c4dea63eed15e18eaaf19e61e4eb42e47f7a0f438062940052a0b20109"
    },
    {
      "path": "sources/Wardog_Foundation_Core_20250414_053044/Code_Generator/__init__.py",
      "bytes": 26,
      "sha256": "09edc8f4566eb19918694142ea40a1c3867f8f18adac8a6b27df50b6b4b96c00"
    },
    {
      "path": "sources/Wardog_Foundation_Core_20250414_053044/Command_Center/__init__.py",
      "bytes": 2491,
      "sha256": "971ee743225cf9544571bf005aa57df64d4bbc967188e7b6046ba5c45ffee744"
    },
    {
      "path": "sources/Wardog_Foundation_Core_20250414_053044/Core_Library/__init__.py",
      "bytes": 24,
      "sha256": "54c9a6a551486bf9c4c078c5da285a9148c31c29637b88921269610961b56778"
    },
    {
      "path": "sources/Wardog_Foundation_Core_20250414_053044/CrossPlatform_Adapter/__init__.py",
      "bytes": 33,
      "sha256": "13dc83ed0a4f1e3cb5055b5c5cc6bb93753eb58b9cfc3ccabd0d4d3a99bbefb8"
    },
    {
      "path": "sources/Wardog_Foundation_Core_20250414_053044/Deployment_Module/__init__.py",
      "bytes": 29,
      "sha256": "4295a4b6e88b394b4920f8773bf5213be55b9d14865298e7d8db9de5e4eaf8fd"
    },
    {
      "path": "sources/Wardog_Foundation_Core_20250414_053044/Encryption_Core/__init__.py",
      "bytes": 27,
      "sha256": "0712dbecbb81a2cccc8485e618a000fb1dce6d4c18d5dbb1cfd62f6e61115e70"
    },
    {
      "path": "sources/Wardog_Foundation_Core_20250414_053044/GUI/__init__.py",
      "bytes": 15,
      "sha256": "b93571495f9ad731ee175b09e574b3f1efa7b1c1cfb1eb34611ca3e88c2050aa"
    },
    {
      "path": "sources/Wardog_Foundation_Core_20250414_053044/GreyTeam_AI/__init__.py",
      "bytes": 23,
      "sha256": "2c66fc05db00b9591ac1f531a628a8127abd4eb93f2cca9f523a7960ad3a8237"
    },
    {
      "path": "sources/Wardog_Foundation_Core_20250414_053044/Lexicon/__init__.py",
      "bytes": 19,
      "sha256": "93decf4280572b403eee201af5bc2cf52550abb4247844d2afcf9ff20c004b42"
    },
    {
      "path": "sources/Wardog_Foundation_Core_20250414_053044/LogCenter/__init__.py",
      "bytes": 21,
      "sha256": "1450afdd8bfb1c61c11ea8ad9ca48588924f7a19a7d54fae8ecc3555302ae5f1"
    },
    {
      "path": "sources/Wardog_Foundation_Core_20250414_053044/Mutt_AI/__init__.py",
      "bytes": 19,
      "sha256": "95881d4d47fee887af6b35dee638ba0eeb3a6c874e05526a521f886de3c9cab1"
    },
    {
      "path": "sources/Wardog_Foundation_Core_20250414_053044/Nagles_Retribution/__init__.py",
      "bytes": 30,
      "sha256": "d583f6ccc2292dde469d38c75339a792876ea6be48b798bd450f31235bdf861d"
    },
    {
      "path": "sources/Wardog_Foundation_Core_20250414_053044/RedTeam_AI/__init__.py",
      "bytes": 22,
      "sha256": "8d33ed7915bc3ef9724e6a42d3248f4c560ed3eaf3b905e488ca2322d4ffeecc"
    },
    {
      "path": "sources/Wardog_Foundation_Core_20250414_053044/Rollback_System/__init__.py",
      "bytes": 27,
      "sha256": "2c041a4973e44b8c953be176f253629a5d2bb6c93bea743c8632ba3844480ddb"
    },
    {
      "path": "sources/Wardog_Foundation_Core_20250414_053044/SafeState/__init__.py",
      "bytes": 21,
      "sha256": "d7bee0888fd94d8a438056ca3a8deecf32cd149b74b13bd28a53859a26e33a33"
    },
    {
      "path": "sources/Wardog_Foundation_Core_20250414_053044/SecureComms/__init__.py",
      "bytes": 23,
      "sha256": "05023317c729dfb642808c168083143624a251e5f4a3a16541c6b87b41a3c2a2"
    },
    {
      "path": "sources/Wardog_Foundation_Core_20250414_053044/Sentinal_AI/__init__.py",
      "bytes": 23,
      "sha256": "c8e451a1b1eac17e136966db447e138d120e6a9516f4a360d2edc221c3eee775"
    },
    {
      "path": "sources/Wardog_Foundation_Core_20250414_053044/Singularity/__init__.py",
      "bytes": 23,
      "sha256": "f2b56543b364defa7b21bb7944287b2bd57d739bd96fbfdc692afdef7e09ddf3"
    },
    {
      "path": "sources/Wardog_Foundation_Core_20250414_053044/System_Health/__init__.py",
      "bytes": 25,
      "sha256": "2bb9763851503ca555c1ce8ddc4ee0fbeb1e8da67b00af19c2516b7143c63c2c"
    },
    {
      "path": "sources/Wardog_Foundation_Core_20250414_053044/Testing_Framework/__init__.py",
      "bytes": 29,
      "sha256": "18948ab6276bb9cf593364efc3a752afff1e13e67ef804e64f900c68a0f13f41"
    },
    {
      "path": "sources/Wardog_Foundation_Core_20250414_053044/Wardog_AI/__init__.py",
      "bytes": 21,
      "sha256": "8ea8f26253b6ac34b93ba9c7866f3fc95e9889214a9de009de1c8748bd546102"
    },
    {
      "path": "sources/Wardog_Foundation_Core_20250414_053044/Wardog_Utils/__init__.py",
      "bytes": 24,
      "sha256": "4dcdc2aca87afcc50fb3d44a7c17604455bdcb83472a241924bb45859cf58aec"
    },
    {
      "path": "sources/Phoenix_Wardog_Revolution/src/App.js",
      "bytes": 671,
      "sha256": "a10dfc18da74d2bf79af0b99bbf933d606f9134e9d47dc520cfe97ab73f7aedb"
    },
    {
      "path": "sources/Phoenix_Wardog_Revolution/src/components/AIEngine.js",
      "bytes": 357,
      "sha256": "1005fc170490eae2181ea49fd21b7770be4175b1c80234b9d32c4a92c4714cfe"
    },
    {
      "path": "sources/Phoenix_Wardog_Revolution/src/components/CyberSecurity.js",
      "bytes": 347,
      "sha256": "01206fa1e8b407eabbed7ff89d56d9ca7d4cb6505fc2f2390cf74b5e154c34ef"
    },
    {
      "path": "sources/Phoenix_Wardog_Revolution/src/components/AppGenerator.js",
      "bytes": 360,
      "sha256": "1b9283ce4755576f799a084d24887cc49fa740dfe362eac34187dadfb6f1aa80"
    },
    {
      "path": "sources/Phoenix_Wardog_Revolution/automation/viral_infiltrator.py",
      "bytes": 439,
      "sha256": "29fee9ee947eb5809d177e255900930fd53c810bd42cf02119871803ab09d04a"
    },
    {
      "path": "sources/Phoenix_Wardog_Revolution/docs/README.md",
      "bytes": 96,
      "sha256": "e6b6f8d2730f4a8b57efbce2c21bf160a030a9e4d9d294a7e37e1c0f58ea4131"
    },
    {
      "path": "sources/Phoenix_Wardog_Revolution/docs/TECH_OVERVIEW.md",
      "bytes": 84,
      "sha256": "fcaba4d44a9900647474c0146520ceefda9dc73f935822cfd7a256b5f838a9cb"
    },
    {
      "path": "sources/Phoenix_Wardog_Revolution/docs/SECURITY_OVERVIEW.md",
      "bytes": 103,
      "sha256": "7fc0868126c834360ee0b25dab8a2a0293cf23d0812163463e15b130e74b5c3e"
    },
    {
      "path": "sources/Phoenix_Wardog_Revolution/docs/COMMERCIALIZATION.md",
      "bytes": 88,
      "sha256": "3dfe7226bd7ee50b8eed88b16667e5dcddad8f871502450a93f47cab3344cd1d"
    },
    {
      "path": "sources/Phoenix_Wardog_Revolution/docs/AI_ENGINE.md",
      "bytes": 106,
      "sha256": "9a1dcdfa4f3e6026e53d043963b82b5f20cf8098976c5fb0cb6616501ba45f5d"
    },
    {
      "path": "sources/Phoenix_Wardog_Revolution/docs/MARKETING_AUTOMATION.md",
      "bytes": 87,
      "sha256": "c59c4a0625a7b604d90f944782da115d48ae12183a88124ff3340c0ffb04eaa7"
    },
    {
      "path": "sources/Phoenix_Wardog_Revolution/legal/LICENSE.md",
      "bytes": 97,
      "sha256": "6dd70be18418b3bab83aa44012c4f4968b4340e08e09cf66d0ca8aa0164ed0a1"
    },
    {
      "path": "sources/Phoenix_Wardog_Revolution/legal/NDA.pdf",
      "bytes": 67,
      "sha256": "4a2b78aa6bf55ef0cba6146255d87beada8ac06e401ed9027c0be561aeb04020"
    },
    {
      "path": "sources/Phoenix_Wardog_Revolution/legal/IP_CLAIM.pdf",
      "bytes": 98,
      "sha256": "684ad1304b8c5e45c9de653c5d5e7a304e05d74424c5a816b37083e991292e46"
    },
    {
      "path": "sources/Phoenix_Wardog_Revolution/marketing/pitch.txt",
      "bytes": 108,
      "sha256": "2257ccffc6f5d3c30258e45920afe3503a86ddc12cac88e228fd059f7f32c45a"
    },
    {
      "path": "sources/Phoenix_Wardog_Revolution/marketing/strategy.md",
      "bytes": 105,
      "sha256": "297065d88b3d57733a0297a4a7f1d191e585352df7c0156d466da5dc060f7b56"
    },
    {
      "path": "sources/Prometheus_Totality/Prometheus_Totality/Core_Runtime/CommsBus/BusServer.swift",
      "bytes": 57,
      "sha256": "84b4a3048ae708a6324f666939eec724f2feeb97418f3128ea185309f907d4a2"
    },
    {
      "path": "sources/Prometheus_Totality/Prometheus_Totality/Core_Runtime/CommsBus/bus.proto",
      "bytes": 51,
      "sha256": "82e99b756b234a0cd2dad373deb004669130baa78ddd587e56aaf6f05adb3f4b"
    },
    {
      "path": "sources/Prometheus_Totality/Prometheus_Totality/Core_Runtime/IAM_Service/IAMServer.swift",
      "bytes": 60,
      "sha256": "35641a0aed70ca1882f0c5bc85fb36bf869631d6cc38a31f24f5328244fe66c1"
    },
    {
      "path": "sources/Prometheus_Totality/Prometheus_Totality/Core_Runtime/IAM_Service/iam.proto",
      "bytes": 54,
      "sha256": "f50bcbb4885c91ef288e9e43ab3321e81da283f2b43d36095cc94bb399f8ba5d"
    },
    {
      "path": "sources/Prometheus_Totality/Prometheus_Totality/Core_Runtime/MetaEvolution/ExecutionSandbox/sandbox_runner.py",
      "bytes": 81,
      "sha256": "7550bfdc2e4fa28fd5e57a02f5892bb42550c98dbbbda5f57dd6de4aad4ec53a"
    },
    {
      "path": "sources/Prometheus_Totality/Prometheus_Totality/Core_Runtime/MetaEvolution/IntegrationDaemon/gap_scanner.py",
      "bytes": 79,
      "sha256": "fe98c6fc7d4eb4e3b02c8ed04b60b03c372155cabe4b8dc84b3aaf83cea7d101"
    },
    {
      "path": "sources/Prometheus_Totality/Prometheus_Totality/Core_Runtime/Prometheus_AI_Gateway/GatewayServer.swift",
      "bytes": 74,
      "sha256": "44c58657821128e5c50f6661e29424d0aba02644913abb58961e565dee821d5d"
    },
    {
      "path": "sources/Prometheus_Totality/Prometheus_Totality/Core_Runtime/Prometheus_AI_Gateway/VectorDBMesh.swift",
      "bytes": 73,
      "sha256": "64f0fc6ef5b3cf6a8cd89862694d6532c3ebd0726e9e42e5434de51d8dbb1c7b"
    },
    {
      "path": "sources/Prometheus_Totality/Prometheus_Totality/Deployment/Docker_Orchestration/docker-compose.yml",
      "bytes": 70,
      "sha256": "ff32064b90a8134073235954113df45f1d2935f056b1926312a4b498a658f016"
    },
    {
      "path": "sources/Prometheus_Totality/Prometheus_Totality/Deployment/Installers/Prometheus.dmg",
      "bytes": 56,
      "sha256": "323cc4c7fdd8ca837cc11a745b2e6babc13f217e1986f160df2e873618a81478"
    },
    {
      "path": "sources/Prometheus_Totality/Prometheus_Totality/Deployment/Installers/Prometheus.ipa",
      "bytes": 56,
      "sha256": "c2d6bea1e2cad3777552999e4f95f6989572f5f106492684041cae9d4891051e"
    },
    {
      "path": "sources/Prometheus_Totality/Prometheus_Totality/Deployment/Installers/Prometheus.tar.gz",
      "bytes": 59,
      "sha256": "26ba5075fce859d5b7155fa300610189a019f90885c7855a672d502e6a8761a2"
    },
    {
      "path": "sources/Prometheus_Totality/Prometheus_Totality/Docs/Protobuf_Schemas/bus.proto",
      "bytes": 51,
      "sha256": "3edf0cf5b860276f42dad581a451bbb8633d57634fe94f33b12c1e4ccf2e607d"
    },
    {
      "path": "sources/Prometheus_Totality/Prometheus_Totality/Docs/Whitepapers/Prometheus_Architecture.md",
      "bytes": 63,
      "sha256": "c8000b5948ed800115b92f9216a0096d2dfb15f2731d78699229fcd40053e181"
    },
    {
      "path": "sources/Prometheus_Totality/Prometheus_Totality/Prometheus.xcworkspace/contents.xcworkspacedata",
      "bytes": 67,
      "sha256": "1f8fc32b77c7f087625b7b7f3048e82406e8eb53abdff6f7ce765459d32947e4"
    },
    {
      "path": "sources/Prometheus_Totality/Prometheus_Totality/Subsystems/Observability/metrics_collector.py",
      "bytes": 65,
      "sha256": "8a7c07cf1c93fe332d3f4ec633f8ad645538e3ba7fa1e0b58aedaef8c71bd37e"
    },
    {
      "path": "sources/Prometheus_Totality/Prometheus_Totality/Subsystems/Persistence_Layer/db_schema.sql",
      "bytes": 62,
      "sha256": "f87eb27be12e278928cd9cd47ccbe22aaa5bb80afdcf373c34c4ba8b6e31877c"
    },
    {
      "path": "sources/Prometheus_Totality/Prometheus_Totality/iOS_App/App.swift",
      "bytes": 37,
      "sha256": "47ff088aacead3d932b82aa9a39d184e1fc15e13af274435dfcce226993f6d41"
    },
    {
      "path": "sources/Prometheus_Totality/Prometheus_Totality/iOS_App/Models/ProtobufModels.swift",
      "bytes": 55,
      "sha256": "06af8cf6a2128adfc1879a70cb03fc1df90264f9539cc293c46a5fe1541e44bd"
    },
    {
      "path": "sources/Prometheus_Totality/Prometheus_Totality/iOS_App/Services/CommsBusClient.swift",
      "bytes": 57,
      "sha256": "8ee512ced3c1ac8b63487ebad4e54ba691ce88932fb4dd501fcad237c88760f0"
    },
    {
      "path": "sources/Prometheus_Totality/Prometheus_Totality/iOS_App/Services/IAMClient.swift",
      "bytes": 52,
      "sha256": "595cdcd9a299be203f9751a7b9be800a86aa2966070c04ebf46b1a3e6176f448"
    },
    {
      "path": "sources/Prometheus_Totality/Prometheus_Totality/iOS_App/Views/ControlNexusView.swift",
      "bytes": 56,
      "sha256": "910f658969f6878d87487053f879b230cf17f75824ced70df8e75ee42b53ae1f"
    },
    {
      "path": "sources/Prometheus_Totality/Prometheus_Totality/iOS_App/Views/MetaEvolutionDashboard.swift",
      "bytes": 62,
      "sha256": "28bc08ea9696f629809fe4441d65b7264326512b4ae9ec6d994373f8a9a8d91f"
    },
    {
      "path": "sources/phoenix_init_bundle/bootstrap.sh",
      "bytes": 77,
      "sha256": "4aaee3985918304d9b566155d00f2647acc7bcf8c96c71b0c8fab0bc570d1e5e"
    },
    {
      "path": "sources/phoenix_init_bundle/phoenix-core/init.py",
      "bytes": 61,
      "sha256": "3df259d8a5e9d1d01ef3bf71ee1075668204738556b24b2c316e8583a8af665d"
    },
    {
      "path": "sources/phoenix_init_bundle/codex/README.md",
      "bytes": 43,
      "sha256": "464788baf9300cc556e8756ee551c35babd38f6ae63a552e7aca39cb36489686"
    },
    {
      "path": "sources/phoenix_init_bundle/agents/agent_controller.py",
      "bytes": 25,
      "sha256": "0ee2e8c16873fc6b2ae7b28ff21debf42a217dcdcae6235b21584227670566f6"
    },
    {
      "path": "sources/phoenix_init_bundle/dashboard/server.py",
      "bytes": 29,
      "sha256": "409670cef586197a14365a61487bca13fe74d9676a0234679343174059bd294b"
    },
    {
      "path": "sources/phoenix_init_bundle/logs/.keep",
      "bytes": 0,
      "sha256": "e3b0c44298fc1c149afbf4c8996fb92427ae41e4649b934ca495991b7852b855"
    },
    {
      "path": "sources/phoenix_init_bundle/scripts/install.sh",
      "bytes": 48,
      "sha256": "01509da0b002940761910fefb5f0eae6a97302435c7ccbeb555b3bf4c504b021"
    },
    {
      "path": "sources/phoenix_init_bundle/configs/policies.json",
      "bytes": 50,
      "sha256": "cbae4161c2bcf5d87f7bd1e5769cb1888a6acf93ccdf8f2123536b8797e1c962"
    },
    {
      "path": "sources/Prometheus_RAV4_777_Enhancements_v15/Prometheus_RAV4_777_Enhancements/cli.py",
      "bytes": 10209,
      "sha256": "76d99ed10b13437db348474f981b50d81bbfccf70fc3c88fd424e7339b72bbfb"
    },
    {
      "path": "sources/Prometheus_RAV4_777_Enhancements_v15/Prometheus_RAV4_777_Enhancements/server.py",
      "bytes": 5420,
      "sha256": "06f2c7d06529d1d8e61f7f7b0dbb5b315faac731daefaca87e9dea692eb5993b"
    },
    {
      "path": "sources/Prometheus_RAV4_777_Enhancements_v15/Prometheus_RAV4_777_Enhancements/repl.py",
      "bytes": 4773,
      "sha256": "dc40b8fbe3a8ed43941d1f751eefa78d9e4f1ff7c92e543acc775c93f47207ce"
    },
    {
      "path": "sources/Prometheus_RAV4_777_Enhancements_v15/Prometheus_RAV4_777_Enhancements/README.md",
      "bytes": 8202,
      "sha256": "c52736a0d40f5503fe2c459416b15bb7297be75a28f2a44d1f9f3e723f115ab7"
    },
    {
      "path": "sources/Prometheus_RAV4_777_Enhancements_v15/Prometheus_RAV4_777_Enhancements/plugins/manager.py",
      "bytes": 3608,
      "sha256": "80a3f83316757ddd45e6af6aec15965502cd2b0c5d889cec978b014c15072036"
    },
    {
      "path": "sources/Prometheus_RAV4_777_Enhancements_v15/Prometheus_RAV4_777_Enhancements/plugins/targets/kong/plugin.py.manifest.json",
      "bytes": 241,
      "sha256": "4b8eff1abb524d7615dd6066e714ba67a5a76559fab4dce3719755faf39c9dcc"
    },
    {
      "path": "sources/Prometheus_RAV4_777_Enhancements_v15/Prometheus_RAV4_777_Enhancements/plugins/targets/kong/__init__.py",
      "bytes": 39,
      "sha256": "d66ea1f30623768ad8f45ef3a308940677f8235e8be894af8638994fab8a3c5b"
    },
    {
      "path": "sources/Prometheus_RAV4_777_Enhancements_v15/Prometheus_RAV4_777_Enhancements/plugins/targets/kong/plugin.py",
      "bytes": 4796,
      "sha256": "71d38aa22f674ce77a6f8f886bbf7fd23eb31590fe79397e83fa932f365e260a"
    },
    {
      "path": "sources/Prometheus_RAV4_777_Enhancements_v15/Prometheus_RAV4_777_Enhancements/plugins/targets/kong/plugin.py.test.sh",
      "bytes": 133,
      "sha256": "57daa762a7afb9cbe7b3d691496338716082b59fdf56d96bff75cbd2dcdf6128"
    },
    {
      "path": "sources/Prometheus_RAV4_777_Enhancements_v15/Prometheus_RAV4_777_Enhancements/plugins/targets/kong/__pycache__/__init__.cpython-311.pyc",
      "bytes": 220,
      "sha256": "19ad4b4a1ead8e7c144291f4fc15f82332417895a5a90e32c9fb31ee088594b9"
    },
    {
      "path": "sources/Prometheus_RAV4_777_Enhancements_v15/Prometheus_RAV4_777_Enhancements/plugins/targets/kong/__pycache__/plugin.cpython-311.pyc",
      "bytes": 8276,
      "sha256": "f504968d276961011680bf3828c7e7ca35b196cb4ac5165284f26152557afb55"
    },
    {
      "path": "sources/Prometheus_RAV4_777_Enhancements_v15/Prometheus_RAV4_777_Enhancements/plugins/targets/swarm/plugin.py",
      "bytes": 3160,
      "sha256": "b77e53c9409af7f6bbe444b83ac28ad09774e07e8fb5ac4aca7a2ba509895edf"
    },
    {
      "path": "sources/Prometheus_RAV4_777_Enhancements_v15/Prometheus_RAV4_777_Enhancements/plugins/targets/swarm/__pycache__/plugin.cpython-311.pyc",
      "bytes": 4750,
      "sha256": "5aebe72ffecd0b781c9064e206e6d0f77c75e5faa2b1a1da0ef5aba821493c65"
    },
    {
      "path": "sources/Prometheus_RAV4_777_Enhancements_v15/Prometheus_RAV4_777_Enhancements/plugins/targets/mobile/android/plugin.py",
      "bytes": 6807,
      "sha256": "1b7b4582e3a0bbf82d56e9872bb70a6a124f1eafbff1788616c98ffbae2185c5"
    },
    {
      "path": "sources/Prometheus_RAV4_777_Enhancements_v15/Prometheus_RAV4_777_Enhancements/plugins/targets/mobile/android/README.md",
      "bytes": 1861,
      "sha256": "a011ed5715574a90e2884616c81359422324b2123da121c3c157bc089bf622fd"
    },
    {
      "path": "sources/Prometheus_RAV4_777_Enhancements_v15/Prometheus_RAV4_777_Enhancements/plugins/targets/mobile/android/__pycache__/plugin.cpython-311.pyc",
      "bytes": 9139,
      "sha256": "9e84ea0c3c4017d388ea34e26c7d5a1a566367ed9992d6b153a7cdc9f5dc7e55"
    },
    {
      "path": "sources/Prometheus_RAV4_777_Enhancements_v15/Prometheus_RAV4_777_Enhancements/plugins/targets/mobile/ios/plugin.py",
      "bytes": 10281,
      "sha256": "43d41bd59ebeb49ec797f8e3c2547109b209902bdb9ed6367106cee0e17da560"
    },
    {
      "path": "sources/Prometheus_RAV4_777_Enhancements_v15/Prometheus_RAV4_777_Enhancements/plugins/targets/mobile/ios/README.md",
      "bytes": 1550,
      "sha256": "0f032cce930771533ef5c9b166b6fcf1cc7bd590282a820294c7a385a0269092"
    },
    {
      "path": "sources/Prometheus_RAV4_777_Enhancements_v15/Prometheus_RAV4_777_Enhancements/plugins/targets/mobile/ios/__pycache__/plugin.cpython-311.pyc",
      "bytes": 12903,
      "sha256": "d707caec5256db260dc0cc1af0faf7787e9a75897f50045029174e1fdb54cd41"
    },
    {
      "path": "sources/Prometheus_RAV4_777_Enhancements_v15/Prometheus_RAV4_777_Enhancements/plugins/targets/ide/android_studio/plugin.py",
      "bytes": 5346,
      "sha256": "3b99b5b79f5ead5e52da9e54ea58cc6cf406f0a514cf48be9a07950bb70905fd"
    },
    {
      "path": "sources/Prometheus_RAV4_777_Enhancements_v15/Prometheus_RAV4_777_Enhancements/plugins/targets/ide/android_studio/__pycache__/plugin.cpython-311.pyc",
      "bytes": 7326,
      "sha256": "03d76057add587dcc6cd4fdf1e31f7fd078d3e4bf838c07c16426b8bb022ea1d"
    },
    {
      "path": "sources/Prometheus_RAV4_777_Enhancements_v15/Prometheus_RAV4_777_Enhancements/plugins/targets/ide/visual_studio/plugin.py",
      "bytes": 6358,
      "sha256": "422db15621bff4c9bb64419f7ad3089cc8b121493b3136d3e9f03a2796321bf0"
    },
    {
      "path": "sources/Prometheus_RAV4_777_Enhancements_v15/Prometheus_RAV4_777_Enhancements/plugins/targets/ide/visual_studio/__pycache__/plugin.cpython-311.pyc",
      "bytes": 7733,
      "sha256": "6937f3964edbfd4da0729fcf2734ab67c2741962f88225a707666265c20f6cae"
    },
    {
      "path": "sources/Prometheus_RAV4_777_Enhancements_v15/Prometheus_RAV4_777_Enhancements/plugins/targets/databases/mongo/plugin.py",
      "bytes": 4037,
      "sha256": "90969027088d99776d76294f234de27556cdeb43bd62d0d88be66f060475da50"
    },
    {
      "path": "sources/Prometheus_RAV4_777_Enhancements_v15/Prometheus_RAV4_777_Enhancements/plugins/targets/databases/mongo/__pycache__/plugin.cpython-311.pyc",
      "bytes": 5454,
      "sha256": "3c37e02e93da951df24ebf54acf6845191c0584e5f7ad4830f2096d103fe2dd9"
    },
    {
      "path": "sources/Prometheus_RAV4_777_Enhancements_v15/Prometheus_RAV4_777_Enhancements/plugins/targets/databases/sql/plugin.py",
      "bytes": 3274,
      "sha256": "ab4a73097737782f1584fa1147a37f730e05cc52795d6046b180562ceb2ef1f8"
    },
    {
      "path": "sources/Prometheus_RAV4_777_Enhancements_v15/Prometheus_RAV4_777_Enhancements/plugins/targets/databases/sql/__pycache__/plugin.cpython-311.pyc",
      "bytes": 4672,
      "sha256": "23af80caefab3c666c53570cfb70079da86fad2acd87fdb4ce1eec468a708152"
    },
    {
      "path": "sources/Prometheus_RAV4_777_Enhancements_v15/Prometheus_RAV4_777_Enhancements/plugins/targets/notebooks/jupyter/plugin.py",
      "bytes": 3745,
      "sha256": "136a2ee7386c2bf1a297d62620c20d0b4dcb237530d0699ed4b4bb460d15cd36"
    },
    {
      "path": "sources/Prometheus_RAV4_777_Enhancements_v15/Prometheus_RAV4_777_Enhancements/plugins/targets/notebooks/jupyter/__pycache__/plugin.cpython-311.pyc",
      "bytes": 5243,
      "sha256": "e6afc080cc45cd22a6ec95e5d5fef645ecf39a90587186b5cdc92c07f9cb487c"
    },
    {
      "path": "sources/Prometheus_RAV4_777_Enhancements_v15/Prometheus_RAV4_777_Enhancements/plugins/targets/notebooks/anaconda/plugin.py",
      "bytes": 5252,
      "sha256": "f7cde2e82dde7c38bd1c6dbe5b74ce37910b5271cfe44e05a639e2c077246e9f"
    },
    {
      "path": "sources/Prometheus_RAV4_777_Enhancements_v15/Prometheus_RAV4_777_Enhancements/plugins/targets/notebooks/anaconda/__pycache__/plugin.cpython-311.pyc",
      "bytes": 7337,
      "sha256": "83994a8d3c1eb12ef31268c129f11be8b6b16e0e9884442937d52411b8657c9e"
    },
    {
      "path": "sources/Prometheus_RAV4_777_Enhancements_v15/Prometheus_RAV4_777_Enhancements/plugins/targets/storage/plugin.py",
      "bytes": 9387,
      "sha256": "f1cc49f5fac0fb8cc744501e40cb58402b80b832854545848a596242951aa7f6"
    },
    {
      "path": "sources/Prometheus_RAV4_777_Enhancements_v15/Prometheus_RAV4_777_Enhancements/plugins/targets/storage/__pycache__/plugin.cpython-311.pyc",
      "bytes": 11489,
      "sha256": "cf6ccf71aae9c1e7b8e86517d3b8e8fefdc2a2b3fb385b551152bf4234877e81"
    },
    {
      "path": "sources/Prometheus_RAV4_777_Enhancements_v15/Prometheus_RAV4_777_Enhancements/plugins/targets/external/plugin.py",
      "bytes": 3087,
      "sha256": "320594515f479ddbe6f9cd660b04faf397f1b5a5a0debb0bd84d867c9eb98cd3"
    },
    {
      "path": "sources/Prometheus_RAV4_777_Enhancements_v15/Prometheus_RAV4_777_Enhancements/plugins/targets/external/__pycache__/plugin.cpython-311.pyc",
      "bytes": 4613,
      "sha256": "1ac9ce22a34fba95eaa373bc9097fba7f415c0e972ee269ad41174d7762d01e2"
    },
    {
      "path": "sources/Prometheus_RAV4_777_Enhancements_v15/Prometheus_RAV4_777_Enhancements/plugins/targets/browser/plugin.py",
      "bytes": 2701,
      "sha256": "ea72f7a5a984b9183f729c7b1607831b5cf63927f3b9f49113e78f1fb97818c4"
    },
    {
      "path": "sources/Prometheus_RAV4_777_Enhancements_v15/Prometheus_RAV4_777_Enhancements/plugins/targets/browser/__pycache__/plugin.cpython-311.pyc",
      "bytes": 3991,
      "sha256": "a20816f8207abcedefe5ebab04cbd84e5e46cdbd0e16ec3872545ff97c547062"
    },
    {
      "path": "sources/Prometheus_RAV4_777_Enhancements_v15/Prometheus_RAV4_777_Enhancements/plugins/targets/editor/xcode/plugin.py",
      "bytes": 4695,
      "sha256": "52ef9d96e4bed6eb7da5aac71de55bfa944ff15e442459ba2e966ef868f6febd"
    },
    {
      "path": "sources/Prometheus_RAV4_777_Enhancements_v15/Prometheus_RAV4_777_Enhancements/plugins/targets/editor/xcode/__pycache__/plugin.cpython-311.pyc",
      "bytes": 6077,
      "sha256": "f15822253ff06478e22ba6480a35490e7acef85f6e924b9916aca8227bf76d5b"
    },
    {
      "path": "sources/Prometheus_RAV4_777_Enhancements_v15/Prometheus_RAV4_777_Enhancements/plugins/targets/editor/vscode/plugin.py",
      "bytes": 2589,
      "sha256": "fe8cc5c141e8f0237f5e47689485622677607b21d1d53e003149bc241531b362"
    },
    {
      "path": "sources/Prometheus_RAV4_777_Enhancements_v15/Prometheus_RAV4_777_Enhancements/plugins/targets/editor/vscode/__pycache__/plugin.cpython-311.pyc",
      "bytes": 3729,
      "sha256": "cb7e3db8e8d8a81601efc61d59274fef732f5dcf263d7c1851e09386d8bbce51"
    },
    {
      "path": "sources/Prometheus_RAV4_777_Enhancements_v15/Prometheus_RAV4_777_Enhancements/plugins/targets/gateway/plugin.py.manifest.json",
      "bytes": 244,
      "sha256": "8a6e90f50f27ae235ed1ff38f7c948f29a8ea3643831fba34b6db8714a1dffaf"
    },
    {
      "path": "sources/Prometheus_RAV4_777_Enhancements_v15/Prometheus_RAV4_777_Enhancements/plugins/targets/gateway/__init__.py",
      "bytes": 33,
      "sha256": "6f4133b3e0eac490c3a0c6e2897d0189d2ba4790cb9b2090877f8ef2fe6af856"
    },
    {
      "path": "sources/Prometheus_RAV4_777_Enhancements_v15/Prometheus_RAV4_777_Enhancements/plugins/targets/gateway/plugin.py",
      "bytes": 3791,
      "sha256": "037d30a9136ab8e9e1c9ae008071ac1b6db0a6a1b3e5fa7b10c169e339b2f621"
    },
    {
      "path": "sources/Prometheus_RAV4_777_Enhancements_v15/Prometheus_RAV4_777_Enhancements/plugins/targets/gateway/plugin.py.test.sh",
      "bytes": 139,
      "sha256": "229f4de4bcd24c99514be83b53e380d1c3b8bb3ec7c71cb0acc44476d3b97c2b"
    },
    {
      "path": "sources/Prometheus_RAV4_777_Enhancements_v15/Prometheus_RAV4_777_Enhancements/plugins/targets/gateway/__pycache__/__init__.cpython-311.pyc",
      "bytes": 217,
      "sha256": "3680816692b378cef1128135749412b53fdc63a7bec4991498514089b1150e7b"
    },
    {
      "path": "sources/Prometheus_RAV4_777_Enhancements_v15/Prometheus_RAV4_777_Enhancements/plugins/targets/gateway/__pycache__/plugin.cpython-311.pyc",
      "bytes": 5539,
      "sha256": "5b28a1b202ec9ee73f96a85bd62e9cad38b9d2a8124790a6970abda9da8b1ab8"
    },
    {
      "path": "sources/Prometheus_RAV4_777_Enhancements_v15/Prometheus_RAV4_777_Enhancements/plugins/targets/vector/vector_store.json",
      "bytes": 46,
      "sha256": "1d03922f12ddcd42cbf7cf8a0ddfb2cc1d32a62934b2090c80be161895d84f00"
    },
    {
      "path": "sources/Prometheus_RAV4_777_Enhancements_v15/Prometheus_RAV4_777_Enhancements/plugins/targets/vector/plugin.py",
      "bytes": 7418,
      "sha256": "d477c6f7b7d236ea3a620e955876dbc9df5c343aa68df0fdc1d22cb8b6cb41c1"
    },
    {
      "path": "sources/Prometheus_RAV4_777_Enhancements_v15/Prometheus_RAV4_777_Enhancements/plugins/targets/vector/__pycache__/plugin.cpython-311.pyc",
      "bytes": 11219,
      "sha256": "5375c206b490bbd48d4adbabf3fc4dd3c59f6a260d758a7455ceb33bd2a156fe"
    },
    {
      "path": "sources/Prometheus_RAV4_777_Enhancements_v15/Prometheus_RAV4_777_Enhancements/plugins/targets/tool_builder/plugin.py",
      "bytes": 5899,
      "sha256": "ff23818d56920b0d11b8c9c03154906d7fc553db12b6d59d86858a84e3e8fc6f"
    },
    {
      "path": "sources/Prometheus_RAV4_777_Enhancements_v15/Prometheus_RAV4_777_Enhancements/plugins/targets/tool_builder/__pycache__/plugin.cpython-311.pyc",
      "bytes": 7225,
      "sha256": "3ba10029d8aa6b2107b76c2cd97cd6c6d740013ce9dd634cd506d52ecd442675"
    },
    {
      "path": "sources/Prometheus_RAV4_777_Enhancements_v15/Prometheus_RAV4_777_Enhancements/plugins/targets/universal/ide/plugin.py",
      "bytes": 4110,
      "sha256": "840b93239abe43555dea7b2e755afca5b77b665efd03f397820dd70f0f77c126"
    },
    {
      "path": "sources/Prometheus_RAV4_777_Enhancements_v15/Prometheus_RAV4_777_Enhancements/plugins/targets/universal/ide/__pycache__/plugin.cpython-311.pyc",
      "bytes": 5334,
      "sha256": "16930d2f22cf388e3fc5650975b0e94e9d5b767fde68288e522091f62b8cec5d"
    },
    {
      "path": "sources/Prometheus_RAV4_777_Enhancements_v15/Prometheus_RAV4_777_Enhancements/plugins/targets/terminal/plugin.py",
      "bytes": 3582,
      "sha256": "4de0fe89284e953e06ef97a334585c97039dc91f836cb3c090d7e47f85c85edd"
    },
    {
      "path": "sources/Prometheus_RAV4_777_Enhancements_v15/Prometheus_RAV4_777_Enhancements/plugins/targets/terminal/__pycache__/plugin.cpython-311.pyc",
      "bytes": 4687,
      "sha256": "63475cc647496e0eb3d59dbc3112ea379613b5f2fdfbe68cf62ed19e9e2fcf72"
    },
    {
      "path": "sources/Prometheus_RAV4_777_Enhancements_v15/Prometheus_RAV4_777_Enhancements/plugins/targets/wizard/plugin.py",
      "bytes": 4976,
      "sha256": "9481c7de7945a7c6ea4687262ecef5164bb766f6f655f6c897cdf1e2d1344e1a"
    },
    {
      "path": "sources/Prometheus_RAV4_777_Enhancements_v15/Prometheus_RAV4_777_Enhancements/plugins/targets/wizard/__pycache__/plugin.cpython-311.pyc",
      "bytes": 7641,
      "sha256": "1e2803ef079c6f15b19472800de6f1ea4892dfa26c317b5568c956459b441b7d"
    },
    {
      "path": "sources/Prometheus_RAV4_777_Enhancements_v15/Prometheus_RAV4_777_Enhancements/plugins/targets/cicd/plugin.py",
      "bytes": 2925,
      "sha256": "102d6a654e5d58b0a8c03baefe24c482b861526aec83e71531446520eacef52b"
    },
    {
      "path": "sources/Prometheus_RAV4_777_Enhancements_v15/Prometheus_RAV4_777_Enhancements/plugins/targets/cicd/__pycache__/plugin.cpython-311.pyc",
      "bytes": 4004,
      "sha256": "0bc23eb9878fd792153a02ae8015d44966d521d30b37e2cec27cc250cc48a503"
    },
    {
      "path": "sources/Prometheus_RAV4_777_Enhancements_v15/Prometheus_RAV4_777_Enhancements/plugins/api/plugin_base.py",
      "bytes": 1793,
      "sha256": "3fb376c98be04f1ab24af3a5d9d8dea678ffd2d5bc7c33e9c8ecae538bd4ccba"
    },
    {
      "path": "sources/Prometheus_RAV4_777_Enhancements_v15/Prometheus_RAV4_777_Enhancements/plugins/api/plugin_base.py.manifest.json",
      "bytes": 184,
      "sha256": "973810a39e20dd147597306fa1577a9d14cc5e82502a742025455719f6d2fb8e"
    },
    {
      "path": "sources/Prometheus_RAV4_777_Enhancements_v15/Prometheus_RAV4_777_Enhancements/plugins/api/plugin_base.py.test.sh",
      "bytes": 128,
      "sha256": "39c5f1d1d86255e91a601d09e3c1233d70ec57e9c2b105286fc1c54d183652f8"
    },
    {
      "path": "sources/Prometheus_RAV4_777_Enhancements_v15/Prometheus_RAV4_777_Enhancements/plugins/api/__pycache__/plugin_base.cpython-311.pyc",
      "bytes": 2381,
      "sha256": "19485db8faec23fc29a087ac8a224abd31c8d887341e2bc019c05cddb42764d6"
    },
    {
      "path": "sources/Prometheus_RAV4_777_Enhancements_v15/Prometheus_RAV4_777_Enhancements/plugins/__pycache__/manager.cpython-311.pyc",
      "bytes": 5260,
      "sha256": "12c4c56856d42a2b34e910b6e42540ff609e8d31341ff17ea9c8711ed3eb9677"
    },
    {
      "path": "sources/Prometheus_RAV4_777_Enhancements_v15/Prometheus_RAV4_777_Enhancements/agents/helper_swarms.py.test.sh",
      "bytes": 128,
      "sha256": "0cbcd91386aa616205247fc5a53d245c275bd86fda8b53a9966be2e14c8412e4"
    },
    {
      "path": "sources/Prometheus_RAV4_777_Enhancements_v15/Prometheus_RAV4_777_Enhancements/agents/__init__.py",
      "bytes": 624,
      "sha256": "bda7788f4ecc741ad850a8402e4578fdde896c70156d116f4ae76341876357fd"
    },
    {
      "path": "sources/Prometheus_RAV4_777_Enhancements_v15/Prometheus_RAV4_777_Enhancements/agents/helper_swarms.py.manifest.json",
      "bytes": 234,
      "sha256": "a21db3d546baf5c91f086c47afdf00fd4e4195e508cbff627185e853beb4c633"
    },
    {
      "path": "sources/Prometheus_RAV4_777_Enhancements_v15/Prometheus_RAV4_777_Enhancements/agents/helper_swarms.py",
      "bytes": 4215,
      "sha256": "d0fcac8285a66f1e168aeee6572e5efc7900bc69ca58e3ff82948f839f491d78"
    },
    {
      "path": "sources/Prometheus_RAV4_777_Enhancements_v15/Prometheus_RAV4_777_Enhancements/agents/__pycache__/__init__.cpython-311.pyc",
      "bytes": 802,
      "sha256": "fc0127c97fc01b652198eecfd17f76a7d51a59fbd60cd2a20e5fc5ca14526e27"
    },
    {
      "path": "sources/Prometheus_RAV4_777_Enhancements_v15/Prometheus_RAV4_777_Enhancements/agents/__pycache__/helper_swarms.cpython-311.pyc",
      "bytes": 7819,
      "sha256": "418e3b344ab32c7b70568b8a9a76eb2aa35292819b0b69960e9028730052cbcf"
    },
    {
      "path": "sources/Prometheus_RAV4_777_Enhancements_v15/Prometheus_RAV4_777_Enhancements/error_management/engine.py",
      "bytes": 4403,
      "sha256": "82a21ef71e597e33abbaff4a4cf926d70620c4a4480002945c7ceaa611fbe5fa"
    },
    {
      "path": "sources/Prometheus_RAV4_777_Enhancements_v15/Prometheus_RAV4_777_Enhancements/error_management/README.md",
      "bytes": 1870,
      "sha256": "55aa18dd932ff4760068013870c13cbf8c3cf326b040dcb2188222db8578859c"
    },
    {
      "path": "sources/Prometheus_RAV4_777_Enhancements_v15/Prometheus_RAV4_777_Enhancements/error_management/__pycache__/engine.cpython-311.pyc",
      "bytes": 6294,
      "sha256": "3b01fbf3015073aa30d5bb64791b1ad4b68aa39c1906ad24e946a81aed8d99d2"
    },
    {
      "path": "sources/Prometheus_RAV4_777_Enhancements_v15/Prometheus_RAV4_777_Enhancements/webapp/index.html",
      "bytes": 4070,
      "sha256": "8fbc318e515283b1123c6aaf2e7bdb1d055af9ff43eb971777d82f8ad4c44a7d"
    },
    {
      "path": "sources/Prometheus_RAV4_777_Enhancements_v15/Prometheus_RAV4_777_Enhancements/core/__init__.py",
      "bytes": 575,
      "sha256": "47c7ea69f1c1e59bdc8770d755c174c5054a440024332f89eb44e8f7a7792338"
    },
    {
      "path": "sources/Prometheus_RAV4_777_Enhancements_v15/Prometheus_RAV4_777_Enhancements/core/os.py",
      "bytes": 6916,
      "sha256": "b915ffa3ecac7858609110ddbb025c400d150c1d46304cc78e1baaff92d44483"
    },
    {
      "path": "sources/Prometheus_RAV4_777_Enhancements_v15/Prometheus_RAV4_777_Enhancements/core/kernel.py",
      "bytes": 4854,
      "sha256": "b70d2028aa951153d52a452a37f786e15796d9ef10f5011413d5c7374a04a0d9"
    },
    {
      "path": "sources/Prometheus_RAV4_777_Enhancements_v15/Prometheus_RAV4_777_Enhancements/core/__pycache__/__init__.cpython-311.pyc",
      "bytes": 751,
      "sha256": "10292f679752ac4ef787bddab80e7884e2fb1b5d24127f6ed95ea4e71862c858"
    },
    {
      "path": "sources/Prometheus_RAV4_777_Enhancements_v15/Prometheus_RAV4_777_Enhancements/core/__pycache__/kernel.cpython-311.pyc",
      "bytes": 6674,
      "sha256": "aed512ab7c52abebc62ee30a0fb9fd958694dba3d96454ebbdc63786a1aa5175"
    },
    {
      "path": "sources/Prometheus_RAV4_777_Enhancements_v15/Prometheus_RAV4_777_Enhancements/core/__pycache__/os.cpython-311.pyc",
      "bytes": 12667,
      "sha256": "a3ab4abeb67c6cfa324dcadb75500b45d4e6e472be33808d34a4a1b5016302a9"
    },
    {
      "path": "sources/Prometheus_RAV4_777_Enhancements_v15/Prometheus_RAV4_777_Enhancements/packages/__init__.py",
      "bytes": 504,
      "sha256": "aa634a87eb90043a19b33905d3721a9d1c70871aa11452abba6f090e582f54c6"
    },
    {
      "path": "sources/Prometheus_RAV4_777_Enhancements_v15/Prometheus_RAV4_777_Enhancements/packages/sops/loader.py",
      "bytes": 2497,
      "sha256": "18478f068c2ccc4e6455c5601e6090b00271fa5a42fb1f87ecf56ebfaef22fac"
    },
    {
      "path": "sources/Prometheus_RAV4_777_Enhancements_v15/Prometheus_RAV4_777_Enhancements/packages/sops/__init__.py",
      "bytes": 641,
      "sha256": "8cc5789da706d897063c3749b04f2a729e024ea6bf4675bd590ab0a44e2f0cfa"
    },
    {
      "path": "sources/Prometheus_RAV4_777_Enhancements_v15/Prometheus_RAV4_777_Enhancements/packages/sops/sample_deploy.md",
      "bytes": 386,
      "sha256": "4cb7d4da93dc6c90cccb16fa3c4a087b407e9596149ca62aaa0a6a425a15ad24"
    },
    {
      "path": "sources/Prometheus_RAV4_777_Enhancements_v15/Prometheus_RAV4_777_Enhancements/packages/sops/__pycache__/__init__.cpython-311.pyc",
      "bytes": 856,
      "sha256": "f6a7a90c8b23194cc654c2bf5c91f58b17eaf3923e90e0f531d4c17a129567e6"
    },
    {
      "path": "sources/Prometheus_RAV4_777_Enhancements_v15/Prometheus_RAV4_777_Enhancements/packages/sops/__pycache__/loader.cpython-311.pyc",
      "bytes": 4317,
      "sha256": "0e659d90faad67ff68b4a94f5670d822840fafb8525557a995ff5b5df9563162"
    },
    {
      "path": "sources/Prometheus_RAV4_777_Enhancements_v15/Prometheus_RAV4_777_Enhancements/packages/merkle/tree.py",
      "bytes": 2519,
      "sha256": "b2c5be3a431bcaa83e49b976af189ff13e3f0612e8e16102e2143bfaa29ba356"
    },
    {
      "path": "sources/Prometheus_RAV4_777_Enhancements_v15/Prometheus_RAV4_777_Enhancements/packages/merkle/__init__.py",
      "bytes": 489,
      "sha256": "e4c85c21e2aa3ace2cef295b2733aca61c62c592112e03441a161a406a45f76d"
    },
    {
      "path": "sources/Prometheus_RAV4_777_Enhancements_v15/Prometheus_RAV4_777_Enhancements/packages/merkle/__pycache__/__init__.cpython-311.pyc",
      "bytes": 720,
      "sha256": "e14a52dbda33196f1b41050e995c15a776a913edb4dc2a7f2c7663722f7df91e"
    },
    {
      "path": "sources/Prometheus_RAV4_777_Enhancements_v15/Prometheus_RAV4_777_Enhancements/packages/merkle/__pycache__/tree.cpython-311.pyc",
      "bytes": 5041,
      "sha256": "4d98a73339806d0eddec417559cd4e9b3e6ddd5ce6701f9cdf4281bbbcf43ba3"
    },
    {
      "path": "sources/Prometheus_RAV4_777_Enhancements_v15/Prometheus_RAV4_777_Enhancements/packages/__pycache__/__init__.cpython-311.pyc",
      "bytes": 758,
      "sha256": "7acda87728fe5d2ee44678327b2dbd2d7012181dfee8489be1c58292552e6a40"
    },
    {
      "path": "sources/Prometheus_RAV4_777_Enhancements_v15/Prometheus_RAV4_777_Enhancements/packages/rules/__init__.py",
      "bytes": 650,
      "sha256": "55196e3ddeccd74e1c175f0a539e2a4b535c1ebc735b5c5965674f7e81810067"
    },
    {
      "path": "sources/Prometheus_RAV4_777_Enhancements_v15/Prometheus_RAV4_777_Enhancements/packages/rules/engine.py",
      "bytes": 2903,
      "sha256": "4f25b837a5978eb18cc5ec29fbd6f1c61ee5d456d0fac7cf8a0781f4dd4946a8"
    },
    {
      "path": "sources/Prometheus_RAV4_777_Enhancements_v15/Prometheus_RAV4_777_Enhancements/packages/rules/__pycache__/__init__.cpython-311.pyc",
      "bytes": 866,
      "sha256": "a78eba1dbd57f23b5e9e7b7182c27e4cad7363c8166fc2c0404653f22708696c"
    },
    {
      "path": "sources/Prometheus_RAV4_777_Enhancements_v15/Prometheus_RAV4_777_Enhancements/packages/rules/__pycache__/engine.cpython-311.pyc",
      "bytes": 4980,
      "sha256": "d2ee5014ce70ea28a44007e19d762c1d6ebb90a6c13c23a8f9e91276d763ef47"
    },
    {
      "path": "sources/Prometheus_RAV4_777_Enhancements_v15/Prometheus_RAV4_777_Enhancements/packages/datasets/sample_tasks.json",
      "bytes": 70,
      "sha256": "22999955533c3f9ad1d98204c84b6c8f1f9d9270977d22e1dd7952c143847c60"
    },
    {
      "path": "sources/Prometheus_RAV4_777_Enhancements_v15/Prometheus_RAV4_777_Enhancements/packages/datasets/__init__.py",
      "bytes": 476,
      "sha256": "d9e4933ff6d509ecfc040a7d3076edcd1454748886e75f2a5ff3642cbb173e10"
    },
    {
      "path": "sources/Prometheus_RAV4_777_Enhancements_v15/Prometheus_RAV4_777_Enhancements/packages/datasets/registry.json",
      "bytes": 376,
      "sha256": "1fb49f3644e9ad860e6c6b4ac301ec361cb43649280a17e2e94892832ea062ed"
    },
    {
      "path": "sources/Prometheus_RAV4_777_Enhancements_v15/Prometheus_RAV4_777_Enhancements/packages/datasets/registry.py",
      "bytes": 1789,
      "sha256": "37cdc14dd676cd03cb90dc5397cb25c689283d6ee857050a4db1637be5d64e29"
    },
    {
      "path": "sources/Prometheus_RAV4_777_Enhancements_v15/Prometheus_RAV4_777_Enhancements/packages/datasets/sample_users.json",
      "bytes": 60,
      "sha256": "a44c01dd9cc2e774556d3df49ae050c62aae02a70681ea093a122542de9cc3a0"
    },
    {
      "path": "sources/Prometheus_RAV4_777_Enhancements_v15/Prometheus_RAV4_777_Enhancements/packages/datasets/__pycache__/__init__.cpython-311.pyc",
      "bytes": 694,
      "sha256": "90d8ef9bde90725493de05f06e00af98ded53036853672d7b748d3f603f90eaf"
    },
    {
      "path": "sources/Prometheus_RAV4_777_Enhancements_v15/Prometheus_RAV4_777_Enhancements/packages/datasets/__pycache__/registry.cpython-311.pyc",
      "bytes": 2974,
      "sha256": "2c3811073a5d7414802c1f26d5ed268cb3b812adf9e408cac7ba825a75d50c54"
    },
    {
      "path": "sources/Prometheus_RAV4_777_Enhancements_v15/Prometheus_RAV4_777_Enhancements/packages/workflows/runner.py",
      "bytes": 3249,
      "sha256": "601edff1ac8bb0d44b9d9a7f3a4b27ed69f34b7de4f0cd12573c719e524c2c6e"
    },
    {
      "path": "sources/Prometheus_RAV4_777_Enhancements_v15/Prometheus_RAV4_777_Enhancements/packages/workflows/__init__.py",
      "bytes": 564,
      "sha256": "58c58fac97c0c95288969bd1579933e9d12bee211a7f5af05e1f49bd2056c343"
    },
    {
      "path": "sources/Prometheus_RAV4_777_Enhancements_v15/Prometheus_RAV4_777_Enhancements/packages/workflows/sample.json",
      "bytes": 387,
      "sha256": "47117f7a0bdd5bb4cfc9292375246197397d07b2fb21391f0c43c401f9fa2860"
    },
    {
      "path": "sources/Prometheus_RAV4_777_Enhancements_v15/Prometheus_RAV4_777_Enhancements/packages/workflows/__pycache__/runner.cpython-311.pyc",
      "bytes": 5416,
      "sha256": "6e7efb11fc57ffc8e6a3c2f7ce361941fe7e8ddaeb8abbfccc39899686a711fb"
    },
    {
      "path": "sources/Prometheus_RAV4_777_Enhancements_v15/Prometheus_RAV4_777_Enhancements/packages/workflows/__pycache__/__init__.cpython-311.pyc",
      "bytes": 768,
      "sha256": "7ebda534dad1f76054e57501ae0556111eaf2981f374162a53708285b219bc15"
    },
    {
      "path": "sources/Prometheus_RAV4_777_Enhancements_v15/Prometheus_RAV4_777_Enhancements/__pycache__/cli.cpython-311.pyc",
      "bytes": 14736,
      "sha256": "1f64eaa03da43640a80a5e5712a599fdc13723c700db834126ed4150b36f1471"
    },
    {
      "path": "sources/Prometheus_RAV4_777_Enhancements_v15/Prometheus_RAV4_777_Enhancements/__pycache__/repl.cpython-311.pyc",
      "bytes": 6920,
      "sha256": "6e85390d46a3ab7da7cb151f5d42be128495bf94bb65f0d89bcca64d4f3cf6e0"
    },
    {
      "path": "sources/Prometheus_RAV4_777_Enhancements_v15/Prometheus_RAV4_777_Enhancements/__pycache__/server.cpython-311.pyc",
      "bytes": 9175,
      "sha256": "33847bdcba617903f4b7b6a0ab47acb0343c39237ef449481fff38955368c96c"
    },
    {
      "path": "sources/Prometheus_RAV4_777_Enhancements_v15/Prometheus_RAV4_777_Enhancements/devswarm2/orchestrator.py",
      "bytes": 2441,
      "sha256": "17930d747dafbca609020f0007eb3d65df03ddba87cd453142ff87d639bfa3c9"
    },
    {
      "path": "sources/Prometheus_RAV4_777_Enhancements_v15/Prometheus_RAV4_777_Enhancements/devswarm2/tasks.py.manifest.json",
      "bytes": 229,
      "sha256": "4a3a85db56fc66f5614dd0bb8111c05cb3def68811af732104883b3a62f7a33c"
    },
    {
      "path": "sources/Prometheus_RAV4_777_Enhancements_v15/Prometheus_RAV4_777_Enhancements/devswarm2/tasks.py",
      "bytes": 4955,
      "sha256": "9fc19f7b4c3331af6a0cb9cd91fe353adfd297cd4a9e1426df9ad56ba1ad2a39"
    },
    {
      "path": "sources/Prometheus_RAV4_777_Enhancements_v15/Prometheus_RAV4_777_Enhancements/devswarm2/tasks.py.test.sh",
      "bytes": 125,
      "sha256": "997925c454558010be246d6c1254b9092d2ed81b22ab26cef752d812900287e7"
    },
    {
      "path": "sources/Prometheus_RAV4_777_Enhancements_v15/Prometheus_RAV4_777_Enhancements/devswarm2/__pycache__/tasks.cpython-311.pyc",
      "bytes": 8482,
      "sha256": "eb78a8c47e099f7e06d7911ffcd6e04a6e821b699f6cc6ad73ff0a1b49a9c019"
    },
    {
      "path": "sources/Prometheus_RAV4_777_Enhancements_v15/Prometheus_RAV4_777_Enhancements/devswarm2/__pycache__/orchestrator.cpython-311.pyc",
      "bytes": 3784,
      "sha256": "2fd58521056f35ad25e879ac8ca5c01e29b89524a59be0cc9187eb94da20da0f"
    },
    {
      "path": "sources/Prometheus_RAV4_777_Enhancements_v15/Prometheus_RAV4_777_Enhancements/devswarm2/adapters/http.py",
      "bytes": 4156,
      "sha256": "085f9d2881352023f9f3d2b43dd424bc3b8a8a26f8ec0163f6531a9e3ad2c156"
    },
    {
      "path": "sources/Prometheus_RAV4_777_Enhancements_v15/Prometheus_RAV4_777_Enhancements/devswarm2/adapters/__init__.py",
      "bytes": 373,
      "sha256": "32802e91c164f7ab33be005c5c960c6e0391360dd45592e764241ae4e7f52de7"
    },
    {
      "path": "sources/Prometheus_RAV4_777_Enhancements_v15/Prometheus_RAV4_777_Enhancements/devswarm2/adapters/livekit.py",
      "bytes": 942,
      "sha256": "8c2dd42b514433505f8b260de5eb9712938287edaf8fbc8f5281064fd4020a4a"
    },
    {
      "path": "sources/Prometheus_RAV4_777_Enhancements_v15/Prometheus_RAV4_777_Enhancements/devswarm2/adapters/llm_cli.py",
      "bytes": 1470,
      "sha256": "e5e27cfe2c0eac2d8a1eedff9ae81e6915656749dc0bbe6cdb04f76f795bcaef"
    },
    {
      "path": "sources/Prometheus_RAV4_777_Enhancements_v15/Prometheus_RAV4_777_Enhancements/devswarm2/adapters/git.py",
      "bytes": 4573,
      "sha256": "f73c36b78769ef01eba9e945e380631aa88ee74b81e0958a59d772141c22fdce"
    },
    {
      "path": "sources/Prometheus_RAV4_777_Enhancements_v15/Prometheus_RAV4_777_Enhancements/devswarm2/adapters/docker.py",
      "bytes": 4740,
      "sha256": "a97281b4084f55989e32913a3008f776c4f6c9a82e3824eb3a2e6ba97c34c63c"
    },
    {
      "path": "sources/Prometheus_RAV4_777_Enhancements_v15/Prometheus_RAV4_777_Enhancements/devswarm2/adapters/webkit.py",
      "bytes": 766,
      "sha256": "5e3c0dfe7884f6058fc08204ef6adb4020686d9c6152c650c56e257a442c9cbe"
    },
    {
      "path": "sources/Prometheus_RAV4_777_Enhancements_v15/Prometheus_RAV4_777_Enhancements/devswarm2/adapters/__pycache__/__init__.cpython-311.pyc",
      "bytes": 575,
      "sha256": "153afbd3c5b316aa8e997b72572c2c8c6b474edd94cf8755ea70f91eee6404e0"
    },
    {
      "path": "sources/Prometheus_RAV4_777_Enhancements_v15/Prometheus_RAV4_777_Enhancements/devswarm2/adapters/__pycache__/webkit.cpython-311.pyc",
      "bytes": 1451,
      "sha256": "982986055bf8575dc26118e13a4f294e1986bf20b5ef89765a6d2bdd6498ffe6"
    },
    {
      "path": "sources/Prometheus_RAV4_777_Enhancements_v15/Prometheus_RAV4_777_Enhancements/devswarm2/adapters/__pycache__/docker.cpython-311.pyc",
      "bytes": 6288,
      "sha256": "6bb339a925daed505eb5a3a5a4fd7940d56c491a5e87eeee17fda0f84427752d"
    },
    {
      "path": "sources/Prometheus_RAV4_777_Enhancements_v15/Prometheus_RAV4_777_Enhancements/devswarm2/adapters/__pycache__/http.cpython-311.pyc",
      "bytes": 6072,
      "sha256": "927740534357131f0268c849a4cc75a66805d0b11e223954a98e44742702130f"
    },
    {
      "path": "sources/Prometheus_RAV4_777_Enhancements_v15/Prometheus_RAV4_777_Enhancements/devswarm2/adapters/__pycache__/llm_cli.cpython-311.pyc",
      "bytes": 2504,
      "sha256": "d77b139fc94293006cf02a924c158fbb7934b241a8c592f9607efae044715bc1"
    },
    {
      "path": "sources/Prometheus_RAV4_777_Enhancements_v15/Prometheus_RAV4_777_Enhancements/devswarm2/adapters/__pycache__/git.cpython-311.pyc",
      "bytes": 6057,
      "sha256": "de8fe344b1353c583f8488da5bff14460b885368cbd5ecfb9f2b42f967bec8d5"
    },
    {
      "path": "sources/Prometheus_RAV4_777_Enhancements_v15/Prometheus_RAV4_777_Enhancements/devswarm2/adapters/__pycache__/livekit.cpython-311.pyc",
      "bytes": 1760,
      "sha256": "f74e29fe62e9ad5c7c2f00ab42feaec732bd9f68af8dfdfd3ce4481f72ad59d3"
    },
    {
      "path": "sources/Prometheus_RAV4_777_Enhancements_v15/Prometheus_RAV4_777_Enhancements/scripts/deploy_free_tiers.sh",
      "bytes": 6971,
      "sha256": "1c7d462f6ad9378b4f6f71cd4b0e663075cf00b808d24ba22f2c76d75ed0d7e4"
    },
    {
      "path": "sources/Prometheus_RAV4_777_Enhancements_v15/Prometheus_RAV4_777_Enhancements/scripts/.gitkeep",
      "bytes": 82,
      "sha256": "dc80169e35e5b8774bf15009c82533988ce12c6aeea0178355665ad0ea868076"
    },
    {
      "path": "sources/Prometheus_RAV4_777_Enhancements_v15/Prometheus_RAV4_777_Enhancements/environments/default.json",
      "bytes": 338,
      "sha256": "ec27ceb7df33dcddacabc41d5ebf5dc32f2c1bddb0ed24210efb1c3601962064"
    },
    {
      "path": "sources/Prometheus_RAV4_777_Enhancements_v15/Prometheus_RAV4_777_Enhancements/environments/__init__.py",
      "bytes": 740,
      "sha256": "115fcf0f232369d78cb85d787d1625497499423511b7b942a64c2a63b8c83df8"
    },
    {
      "path": "sources/Prometheus_RAV4_777_Enhancements_v15/Prometheus_RAV4_777_Enhancements/environments/test.json",
      "bytes": 357,
      "sha256": "cfeb7837af538863e194f2a8f17b07f2ab3fad9c7a0c310aa27b35df1d5f5e1a"
    },
    {
      "path": "sources/Prometheus_RAV4_777_Enhancements_v15/Prometheus_RAV4_777_Enhancements/environments/prod.json",
      "bytes": 366,
      "sha256": "7491732082afed375c7b03d735b2fc8c8ef5f7887cf1d037f28424c25162b373"
    },
    {
      "path": "sources/Prometheus_RAV4_777_Enhancements_v15/Prometheus_RAV4_777_Enhancements/environments/dev.json",
      "bytes": 362,
      "sha256": "1b60fa254ceba545ca3354015aabda40034cf62ad7e581e59ad849b9da28271f"
    },
    {
      "path": "sources/Prometheus_RAV4_777_Enhancements_v15/Prometheus_RAV4_777_Enhancements/environments/__pycache__/__init__.cpython-311.pyc",
      "bytes": 924,
      "sha256": "80c95eb3cebb66c65d5d22480211d9351700e2a0e1fd352cb4888ea20d5da9c7"
    },
    {
      "path": "sources/Prometheus_RAV4_777_Enhancements_v15/Prometheus_RAV4_777_Enhancements/templates/template_db.py",
      "bytes": 2083,
      "sha256": "fbef945529304d1782945d01e3fbe7adb97e78ffdc44d02162f92735ad09d86e"
    },
    {
      "path": "sources/Prometheus_RAV4_777_Enhancements_v15/Prometheus_RAV4_777_Enhancements/templates/builder.py",
      "bytes": 2923,
      "sha256": "f0612b1ea1b42938fee803caf69c04b56bef14016879b8dd1c454afe091874f8"
    },
    {
      "path": "sources/Prometheus_RAV4_777_Enhancements_v15/Prometheus_RAV4_777_Enhancements/templates/__pycache__/template_db.cpython-311.pyc",
      "bytes": 3884,
      "sha256": "feb06bf8ca54a132113d93f8c2a3dc788843fd72e589d91dd2681abe6d14be67"
    },
    {
      "path": "sources/Prometheus_RAV4_777_Enhancements_v15/Prometheus_RAV4_777_Enhancements/templates/__pycache__/builder.cpython-311.pyc",
      "bytes": 5127,
      "sha256": "6cd1ec6e78e76042f79b0d30a4aba72c10bc8deaaa6324d341149a565d499865"
    },
    {
      "path": "sources/Prometheus_RAV4_777_Enhancements_v15/Prometheus_RAV4_777_Enhancements/wizard/engine.py",
      "bytes": 1642,
      "sha256": "a1438291a302cdfa459a3ec06401b53e45575e9920f6388790238dbfc4483929"
    },
    {
      "path": "sources/Prometheus_RAV4_777_Enhancements_v15/Prometheus_RAV4_777_Enhancements/wizard/flows/basic.json",
      "bytes": 182,
      "sha256": "c749c2bae94ef22718fb8d871531e2b39ccd9bf5324d99bc29a66e37054422ae"
    },
    {
      "path": "sources/Prometheus_RAV4_777_Enhancements_v15/Prometheus_RAV4_777_Enhancements/wizard/__pycache__/engine.cpython-311.pyc",
      "bytes": 2764,
      "sha256": "2baa9f15782f0841622045217c92ebbed0f1115a3ff5997d60280cb3f0f3c7c2"
    },
    {
      "path": "sources/Prometheus_RAV4_777_Enhancements_v15/Prometheus_RAV4_777_Enhancements/engines/resource_engine.py",
      "bytes": 2588,
      "sha256": "c39c1b34daba7260da48d1783647c959541a9f3897de05242380a89320ca2d64"
    },
    {
      "path": "sources/Prometheus_RAV4_777_Enhancements_v15/Prometheus_RAV4_777_Enhancements/engines/engineer_engine.py",
      "bytes": 2037,
      "sha256": "1fa1ec4865c14e216ab110bd8f373632f87c81d502f3bb26c0ecbe11288ad4fd"
    },
    {
      "path": "sources/Prometheus_RAV4_777_Enhancements_v15/Prometheus_RAV4_777_Enhancements/engines/design_engine.py.manifest.json",
      "bytes": 234,
      "sha256": "2550239a9517a5f7b12b6643c31414f292a83171f99da700332490107cde4310"
    },
    {
      "path": "sources/Prometheus_RAV4_777_Enhancements_v15/Prometheus_RAV4_777_Enhancements/engines/architect_engine.py.test.sh",
      "bytes": 120,
      "sha256": "6863c6b995889757f976996a492592bb6e5f0eacaf9885b8d4ee6fd0fb2fdd5f"
    },
    {
      "path": "sources/Prometheus_RAV4_777_Enhancements_v15/Prometheus_RAV4_777_Enhancements/engines/asset_engine.py.test.sh",
      "bytes": 112,
      "sha256": "73cbe7b0af6b82c41f37e884abd5e45b025a8e5275e51cc21df9cc9bb8aec81a"
    },
    {
      "path": "sources/Prometheus_RAV4_777_Enhancements_v15/Prometheus_RAV4_777_Enhancements/engines/architect_engine.py.manifest.json",
      "bytes": 237,
      "sha256": "685e93d59d7806c552e5795f5496d3abf7235c82b82ab6884b3b796e94b85d08"
    },
    {
      "path": "sources/Prometheus_RAV4_777_Enhancements_v15/Prometheus_RAV4_777_Enhancements/engines/__init__.py",
      "bytes": 33,
      "sha256": "80e1f7b2a68daa98401084515b687ba86609a827ad4a86f33147c6c801ae6aa5"
    },
    {
      "path": "sources/Prometheus_RAV4_777_Enhancements_v15/Prometheus_RAV4_777_Enhancements/engines/developer_engine.py.manifest.json",
      "bytes": 237,
      "sha256": "0dc01508fe4e90a72eb4420bda162c136c5a77881fc281fef064451dd1373712"
    },
    {
      "path": "sources/Prometheus_RAV4_777_Enhancements_v15/Prometheus_RAV4_777_Enhancements/engines/resource_engine.py.test.sh",
      "bytes": 118,
      "sha256": "b968d8f484b53e19016ccdbbfec64de1c67e46785b5540696173b8d2d62737aa"
    },
    {
      "path": "sources/Prometheus_RAV4_777_Enhancements_v15/Prometheus_RAV4_777_Enhancements/engines/developer_engine.py",
      "bytes": 1848,
      "sha256": "25b9aba52a6977fab07d0064a829c83df9255c4ed4d204d167533dae7fb05dcf"
    },
    {
      "path": "sources/Prometheus_RAV4_777_Enhancements_v15/Prometheus_RAV4_777_Enhancements/engines/engineer_engine.py.test.sh",
      "bytes": 118,
      "sha256": "bb3538289d39f7e4a6edd473ee40cf36664168c6edae76ca9096eb3503ea562b"
    },
    {
      "path": "sources/Prometheus_RAV4_777_Enhancements_v15/Prometheus_RAV4_777_Enhancements/engines/developer_engine.py.test.sh",
      "bytes": 120,
      "sha256": "8b3d905b5eeeeb690f9fb548fb81d8b11f7200b18f26e0656604522509c38c87"
    },
    {
      "path": "sources/Prometheus_RAV4_777_Enhancements_v15/Prometheus_RAV4_777_Enhancements/engines/asset_engine.py.manifest.json",
      "bytes": 233,
      "sha256": "502917606884e8b905dd0e8f799c9be3a595a36390b9861345ae162e63917a3e"
    },
    {
      "path": "sources/Prometheus_RAV4_777_Enhancements_v15/Prometheus_RAV4_777_Enhancements/engines/idea_to_app_engine.py",
      "bytes": 2123,
      "sha256": "1add5fa3b39e56988d0d589ee4d2973961561a8360c786fd025dfbbcd127dc35"
    },
    {
      "path": "sources/Prometheus_RAV4_777_Enhancements_v15/Prometheus_RAV4_777_Enhancements/engines/asset_engine.py",
      "bytes": 1967,
      "sha256": "08c9ad64decc40603958db2457c70e5f5901b6113e8c4606d3be486d996a5edd"
    },
    {
      "path": "sources/Prometheus_RAV4_777_Enhancements_v15/Prometheus_RAV4_777_Enhancements/engines/design_engine.py",
      "bytes": 1586,
      "sha256": "744ed46483c63f76f06e6fc509f7ad0352a97d02e4323a0681caa14a7684cb42"
    },
    {
      "path": "sources/Prometheus_RAV4_777_Enhancements_v15/Prometheus_RAV4_777_Enhancements/engines/idea_to_app_engine.py.manifest.json",
      "bytes": 239,
      "sha256": "7851655ce9b604419fe5950b9ddd731e503ace583e4d667b94a853fa17aae867"
    },
    {
      "path": "sources/Prometheus_RAV4_777_Enhancements_v15/Prometheus_RAV4_777_Enhancements/engines/resource_engine.py.manifest.json",
      "bytes": 236,
      "sha256": "aca6864c4721713e782907aa78ad670f015cc5bd37ebd6aabfd3461e3c4c16b2"
    },
    {
      "path": "sources/Prometheus_RAV4_777_Enhancements_v15/Prometheus_RAV4_777_Enhancements/engines/architect_engine.py",
      "bytes": 2089,
      "sha256": "e4833fe6f056b9fd078b6ef81b13d297981040cbebcc7207b91e6f81cc6a4690"
    },
    {
      "path": "sources/Prometheus_RAV4_777_Enhancements_v15/Prometheus_RAV4_777_Enhancements/engines/idea_to_app_engine.py.test.sh",
      "bytes": 124,
      "sha256": "d476f8412aedb6c1baa3c5a7e94acb750205d59e0ccf6625aa6404571dda1bf7"
    },
    {
      "path": "sources/Prometheus_RAV4_777_Enhancements_v15/Prometheus_RAV4_777_Enhancements/engines/design_engine.py.test.sh",
      "bytes": 114,
      "sha256": "5fe56d6bd65552cd0e0b48fdfd8e26febb2fd6db057409e6057bc6197c0819ba"
    },
    {
      "path": "sources/Prometheus_RAV4_777_Enhancements_v15/Prometheus_RAV4_777_Enhancements/engines/engineer_engine.py.manifest.json",
      "bytes": 236,
      "sha256": "a3b126c683be4af73e21bb2082c6424d34facf870b58e6c090c724cf0c382eda"
    },
    {
      "path": "sources/Prometheus_RAV4_777_Enhancements_v15/Prometheus_RAV4_777_Enhancements/engines/__pycache__/architect_engine.cpython-311.pyc",
      "bytes": 3367,
      "sha256": "52beb87a3dca91cbd5001304574ab97390ca8f2081d5686486cdedeb2910e0aa"
    },
    {
      "path": "sources/Prometheus_RAV4_777_Enhancements_v15/Prometheus_RAV4_777_Enhancements/engines/__pycache__/developer_engine.cpython-311.pyc",
      "bytes": 3404,
      "sha256": "622d740e9c35a8400dcf7578b362ac8e2faa1d4e5818aa12d9fcb9113d71a7a5"
    },
    {
      "path": "sources/Prometheus_RAV4_777_Enhancements_v15/Prometheus_RAV4_777_Enhancements/engines/__pycache__/idea_to_app_engine.cpython-311.pyc",
      "bytes": 3503,
      "sha256": "0d1318445f374f999c70a987e2113de89b0fa8a38797bf04d0addd38a5be258b"
    },
    {
      "path": "sources/Prometheus_RAV4_777_Enhancements_v15/Prometheus_RAV4_777_Enhancements/engines/__pycache__/__init__.cpython-311.pyc",
      "bytes": 202,
      "sha256": "05b68e34c8fe33b77efe790ac0b115bc5f29eb1c3cb6d3ee449b4e702113abd3"
    },
    {
      "path": "sources/Prometheus_RAV4_777_Enhancements_v15/Prometheus_RAV4_777_Enhancements/engines/__pycache__/engineer_engine.cpython-311.pyc",
      "bytes": 3626,
      "sha256": "bf55b3930a3098206126d940b26f6161b0fc12189946c1ff5a807b119d5e1206"
    },
    {
      "path": "sources/Prometheus_RAV4_777_Enhancements_v15/Prometheus_RAV4_777_Enhancements/engines/__pycache__/resource_engine.cpython-311.pyc",
      "bytes": 4193,
      "sha256": "3a1c764152fe286cc13a2f67fb5432abc4f3683fe8b4cc50b07dca7810bfeb84"
    },
    {
      "path": "sources/Prometheus_RAV4_777_Enhancements_v15/Prometheus_RAV4_777_Enhancements/engines/__pycache__/design_engine.cpython-311.pyc",
      "bytes": 2304,
      "sha256": "f66a18a8719b0976aec697773882ae37ad44c6f9ba91557008e1ab48ea0e23e4"
    },
    {
      "path": "sources/Prometheus_RAV4_777_Enhancements_v15/Prometheus_RAV4_777_Enhancements/engines/__pycache__/asset_engine.cpython-311.pyc",
      "bytes": 3361,
      "sha256": "2cfc392dfaf3c51d367b8004eb961d04ca8b4ac0621e9b4f648506bace2f3217"
    },
    {
      "path": "sources/Phoenix_Codex_Master/Phoenix_Codex_Master/README.md",
      "bytes": 513,
      "sha256": "cfe8ca11137606914f2784938e85d9f83cc4fe99c24851f138116cef234bbb14"
    },
    {
      "path": "sources/Phoenix_Codex_Master/Phoenix_Codex_Master/requirements.txt",
      "bytes": 17,
      "sha256": "5569b22d0bed1ca4a43aabc37c84f0da9bf94916c7df057366a4dcb03a6f916e"
    },
    {
      "path": "sources/Phoenix_Codex_Master/Phoenix_Codex_Master/run.sh",
      "bytes": 118,
      "sha256": "3abed42a948d03c7c57efb69da9d4b8e23a9b3a1124aff6ab8833f61ee1ecaaf"
    },
    {
      "path": "sources/Phoenix_Codex_Master/Phoenix_Codex_Master/wardog_log_server.py",
      "bytes": 574,
      "sha256": "d60d57c86c3b1bcab05c8298f3805b3bace55d6bfb574a6791ebf3b4cb0e9183"
    },
    {
      "path": "sources/Phoenix_Codex_Master/Phoenix_Codex_Master/wardog_logger.py",
      "bytes": 912,
      "sha256": "64c63d81735df2ae1357ec72089e98d94dae123a7a1cb0d917b5a4e374bd0c63"
    }
  ]
}