{
  "extraction_report": [
    {
      "archive": "EliteAIPlatform.zip",
      "exists": true,
      "result": "ok",
      "note": "zip",
      "extracted_to": "/mnt/data/_work_prometheus_merge/EliteAIPlatform"
    },
    {
      "archive": "photo_diagnosis_app.zip",
      "exists": true,
      "result": "ok",
      "note": "zip",
      "extracted_to": "/mnt/data/_work_prometheus_merge/photo_diagnosis_app"
    },
    {
      "archive": "Wardog_Foundation_Core_20250414_053044.zip",
      "exists": true,
      "result": "ok",
      "note": "zip",
      "extracted_to": "/mnt/data/_work_prometheus_merge/Wardog_Foundation_Core_20250414_053044"
    },
    {
      "archive": "Phoenix_Wardog_Revolution.zip",
      "exists": true,
      "result": "ok",
      "note": "zip",
      "extracted_to": "/mnt/data/_work_prometheus_merge/Phoenix_Wardog_Revolution"
    },
    {
      "archive": "Prometheus_Totality.tar.gz",
      "exists": true,
      "result": "ok",
      "note": "tar",
      "extracted_to": "/mnt/data/_work_prometheus_merge/Prometheus_Totality"
    },
    {
      "archive": "phoenix_init_bundle.zip",
      "exists": true,
      "result": "ok",
      "note": "zip",
      "extracted_to": "/mnt/data/_work_prometheus_merge/phoenix_init_bundle"
    },
    {
      "archive": "Prometheus_RAV4_777_Enhancements_v15.zip",
      "exists": true,
      "result": "ok",
      "note": "zip",
      "extracted_to": "/mnt/data/_work_prometheus_merge/Prometheus_RAV4_777_Enhancements_v15"
    },
    {
      "archive": "Phoenix_Codex_Master.tar.gz",
      "exists": true,
      "result": "ok",
      "note": "tar",
      "extracted_to": "/mnt/data/_work_prometheus_merge/Phoenix_Codex_Master"
    }
  ],
  "project_summaries": [
    {
      "project": "EliteAIPlatform.zip",
      "root": "/mnt/data/_work_prometheus_merge/EliteAIPlatform",
      "files": 3,
      "bytes": 757,
      "placeholders": 0,
      "langs": {
        "Markdown": 1,
        "Shell": 1,
        "Other": 1
      }
    },
    {
      "project": "photo_diagnosis_app.zip",
      "root": "/mnt/data/_work_prometheus_merge/photo_diagnosis_app",
      "files": 4,
      "bytes": 4039,
      "placeholders": 0,
      "langs": {
        "JavaScript": 1,
        "Python": 2,
        "SQL": 1
      }
    },
    {
      "project": "Wardog_Foundation_Core_20250414_053044.zip",
      "root": "/mnt/data/_work_prometheus_merge/Wardog_Foundation_Core_20250414_053044",
      "files": 28,
      "bytes": 3183,
      "placeholders": 0,
      "langs": {
        "Markdown": 1,
        "Other": 2,
        "Python": 25
      }
    },
    {
      "project": "Phoenix_Wardog_Revolution.zip",
      "root": "/mnt/data/_work_prometheus_merge/Phoenix_Wardog_Revolution",
      "files": 16,
      "bytes": 3213,
      "placeholders": 2,
      "langs": {
        "JavaScript": 4,
        "Python": 1,
        "Markdown": 8,
        "Other": 3
      }
    },
    {
      "project": "Prometheus_Totality.tar.gz",
      "root": "/mnt/data/_work_prometheus_merge/Prometheus_Totality",
      "files": 23,
      "bytes": 1397,
      "placeholders": 23,
      "langs": {
        "Swift": 10,
        "Protobuf": 3,
        "Python": 3,
        "YAML": 1,
        "Other": 4,
        "Markdown": 1,
        "SQL": 1
      }
    },
    {
      "project": "phoenix_init_bundle.zip",
      "root": "/mnt/data/_work_prometheus_merge/phoenix_init_bundle",
      "files": 8,
      "bytes": 333,
      "placeholders": 0,
      "langs": {
        "Shell": 2,
        "Python": 3,
        "Markdown": 1,
        "Other": 1,
        "JSON": 1
      }
    },
    {
      "project": "Prometheus_RAV4_777_Enhancements_v15.zip",
      "root": "/mnt/data/_work_prometheus_merge/Prometheus_RAV4_777_Enhancements_v15",
      "files": 176,
      "bytes": 573152,
      "placeholders": 14,
      "langs": {
        "Python": 67,
        "Markdown": 5,
        "JSON": 22,
        "Shell": 13,
        "Other": 68,
        "HTML": 1
      }
    },
    {
      "project": "Phoenix_Codex_Master.tar.gz",
      "root": "/mnt/data/_work_prometheus_merge/Phoenix_Codex_Master",
      "files": 5,
      "bytes": 2134,
      "placeholders": 0,
      "langs": {
        "Markdown": 1,
        "Other": 1,
        "Shell": 1,
        "Python": 2
      }
    }
  ],
  "syntax_errors": [
    {
      "project": "Prometheus_Totality.tar.gz",
      "file": "/mnt/data/_work_prometheus_merge/Prometheus_Totality/Prometheus_Totality/Core_Runtime/MetaEvolution/ExecutionSandbox/sandbox_runner.py",
      "error": "invalid syntax (sandbox_runner.py, line 1)"
    },
    {
      "project": "Prometheus_Totality.tar.gz",
      "file": "/mnt/data/_work_prometheus_merge/Prometheus_Totality/Prometheus_Totality/Core_Runtime/MetaEvolution/IntegrationDaemon/gap_scanner.py",
      "error": "invalid syntax (gap_scanner.py, line 1)"
    },
    {
      "project": "Prometheus_Totality.tar.gz",
      "file": "/mnt/data/_work_prometheus_merge/Prometheus_Totality/Prometheus_Totality/Subsystems/Observability/metrics_collector.py",
      "error": "invalid syntax (metrics_collector.py, line 1)"
    }
  ],
  "json_errors": [],
  "placeholder_hits": [
    {
      "project": "Phoenix_Wardog_Revolution.zip",
      "file": "/mnt/data/_work_prometheus_merge/Phoenix_Wardog_Revolution/src/components/AIEngine.js",
      "match": "Placeholder"
    },
    {
      "project": "Phoenix_Wardog_Revolution.zip",
      "file": "/mnt/data/_work_prometheus_merge/Phoenix_Wardog_Revolution/src/components/AppGenerator.js",
      "match": "Placeholder"
    },
    {
      "project": "Prometheus_Totality.tar.gz",
      "file": "/mnt/data/_work_prometheus_merge/Prometheus_Totality/Prometheus_Totality/Core_Runtime/CommsBus/BusServer.swift",
      "match": "Placeholder"
    },
    {
      "project": "Prometheus_Totality.tar.gz",
      "file": "/mnt/data/_work_prometheus_merge/Prometheus_Totality/Prometheus_Totality/Core_Runtime/CommsBus/bus.proto",
      "match": "Placeholder"
    },
    {
      "project": "Prometheus_Totality.tar.gz",
      "file": "/mnt/data/_work_prometheus_merge/Prometheus_Totality/Prometheus_Totality/Core_Runtime/IAM_Service/IAMServer.swift",
      "match": "Placeholder"
    },
    {
      "project": "Prometheus_Totality.tar.gz",
      "file": "/mnt/data/_work_prometheus_merge/Prometheus_Totality/Prometheus_Totality/Core_Runtime/IAM_Service/iam.proto",
      "match": "Placeholder"
    },
    {
      "project": "Prometheus_Totality.tar.gz",
      "file": "/mnt/data/_work_prometheus_merge/Prometheus_Totality/Prometheus_Totality/Core_Runtime/MetaEvolution/ExecutionSandbox/sandbox_runner.py",
      "match": "Placeholder"
    },
    {
      "project": "Prometheus_Totality.tar.gz",
      "file": "/mnt/data/_work_prometheus_merge/Prometheus_Totality/Prometheus_Totality/Core_Runtime/MetaEvolution/IntegrationDaemon/gap_scanner.py",
      "match": "Placeholder"
    },
    {
      "project": "Prometheus_Totality.tar.gz",
      "file": "/mnt/data/_work_prometheus_merge/Prometheus_Totality/Prometheus_Totality/Core_Runtime/Prometheus_AI_Gateway/GatewayServer.swift",
      "match": "Placeholder"
    },
    {
      "project": "Prometheus_Totality.tar.gz",
      "file": "/mnt/data/_work_prometheus_merge/Prometheus_Totality/Prometheus_Totality/Core_Runtime/Prometheus_AI_Gateway/VectorDBMesh.swift",
      "match": "Placeholder"
    },
    {
      "project": "Prometheus_Totality.tar.gz",
      "file": "/mnt/data/_work_prometheus_merge/Prometheus_Totality/Prometheus_Totality/Deployment/Docker_Orchestration/docker-compose.yml",
      "match": "Placeholder"
    },
    {
      "project": "Prometheus_Totality.tar.gz",
      "file": "/mnt/data/_work_prometheus_merge/Prometheus_Totality/Prometheus_Totality/Deployment/Installers/Prometheus.dmg",
      "match": "Placeholder"
    },
    {
      "project": "Prometheus_Totality.tar.gz",
      "file": "/mnt/data/_work_prometheus_merge/Prometheus_Totality/Prometheus_Totality/Deployment/Installers/Prometheus.ipa",
      "match": "Placeholder"
    },
    {
      "project": "Prometheus_Totality.tar.gz",
      "file": "/mnt/data/_work_prometheus_merge/Prometheus_Totality/Prometheus_Totality/Deployment/Installers/Prometheus.tar.gz",
      "match": "Placeholder"
    },
    {
      "project": "Prometheus_Totality.tar.gz",
      "file": "/mnt/data/_work_prometheus_merge/Prometheus_Totality/Prometheus_Totality/Docs/Protobuf_Schemas/bus.proto",
      "match": "Placeholder"
    },
    {
      "project": "Prometheus_Totality.tar.gz",
      "file": "/mnt/data/_work_prometheus_merge/Prometheus_Totality/Prometheus_Totality/Docs/Whitepapers/Prometheus_Architecture.md",
      "match": "Placeholder"
    },
    {
      "project": "Prometheus_Totality.tar.gz",
      "file": "/mnt/data/_work_prometheus_merge/Prometheus_Totality/Prometheus_Totality/Prometheus.xcworkspace/contents.xcworkspacedata",
      "match": "Placeholder"
    },
    {
      "project": "Prometheus_Totality.tar.gz",
      "file": "/mnt/data/_work_prometheus_merge/Prometheus_Totality/Prometheus_Totality/Subsystems/Observability/metrics_collector.py",
      "match": "Placeholder"
    },
    {
      "project": "Prometheus_Totality.tar.gz",
      "file": "/mnt/data/_work_prometheus_merge/Prometheus_Totality/Prometheus_Totality/Subsystems/Persistence_Layer/db_schema.sql",
      "match": "Placeholder"
    },
    {
      "project": "Prometheus_Totality.tar.gz",
      "file": "/mnt/data/_work_prometheus_merge/Prometheus_Totality/Prometheus_Totality/iOS_App/App.swift",
      "match": "Placeholder"
    },
    {
      "project": "Prometheus_Totality.tar.gz",
      "file": "/mnt/data/_work_prometheus_merge/Prometheus_Totality/Prometheus_Totality/iOS_App/Models/ProtobufModels.swift",
      "match": "Placeholder"
    },
    {
      "project": "Prometheus_Totality.tar.gz",
      "file": "/mnt/data/_work_prometheus_merge/Prometheus_Totality/Prometheus_Totality/iOS_App/Services/CommsBusClient.swift",
      "match": "Placeholder"
    },
    {
      "project": "Prometheus_Totality.tar.gz",
      "file": "/mnt/data/_work_prometheus_merge/Prometheus_Totality/Prometheus_Totality/iOS_App/Services/IAMClient.swift",
      "match": "Placeholder"
    },
    {
      "project": "Prometheus_Totality.tar.gz",
      "file": "/mnt/data/_work_prometheus_merge/Prometheus_Totality/Prometheus_Totality/iOS_App/Views/ControlNexusView.swift",
      "match": "Placeholder"
    },
    {
      "project": "Prometheus_Totality.tar.gz",
      "file": "/mnt/data/_work_prometheus_merge/Prometheus_Totality/Prometheus_Totality/iOS_App/Views/MetaEvolutionDashboard.swift",
      "match": "Placeholder"
    },
    {
      "project": "Prometheus_RAV4_777_Enhancements_v15.zip",
      "file": "/mnt/data/_work_prometheus_merge/Prometheus_RAV4_777_Enhancements_v15/Prometheus_RAV4_777_Enhancements/plugins/targets/mobile/ios/plugin.py",
      "match": "placeholder"
    },
    {
      "project": "Prometheus_RAV4_777_Enhancements_v15.zip",
      "file": "/mnt/data/_work_prometheus_merge/Prometheus_RAV4_777_Enhancements_v15/Prometheus_RAV4_777_Enhancements/plugins/targets/ide/android_studio/plugin.py",
      "match": "stub"
    },
    {
      "project": "Prometheus_RAV4_777_Enhancements_v15.zip",
      "file": "/mnt/data/_work_prometheus_merge/Prometheus_RAV4_777_Enhancements_v15/Prometheus_RAV4_777_Enhancements/plugins/targets/browser/plugin.py",
      "match": "stub"
    },
    {
      "project": "Prometheus_RAV4_777_Enhancements_v15.zip",
      "file": "/mnt/data/_work_prometheus_merge/Prometheus_RAV4_777_Enhancements_v15/Prometheus_RAV4_777_Enhancements/plugins/targets/editor/vscode/plugin.py",
      "match": "stub"
    },
    {
      "project": "Prometheus_RAV4_777_Enhancements_v15.zip",
      "file": "/mnt/data/_work_prometheus_merge/Prometheus_RAV4_777_Enhancements_v15/Prometheus_RAV4_777_Enhancements/plugins/targets/tool_builder/plugin.py",
      "match": "stub"
    },
    {
      "project": "Prometheus_RAV4_777_Enhancements_v15.zip",
      "file": "/mnt/data/_work_prometheus_merge/Prometheus_RAV4_777_Enhancements_v15/Prometheus_RAV4_777_Enhancements/devswarm2/adapters/livekit.py",
      "match": "Stub"
    },
    {
      "project": "Prometheus_RAV4_777_Enhancements_v15.zip",
      "file": "/mnt/data/_work_prometheus_merge/Prometheus_RAV4_777_Enhancements_v15/Prometheus_RAV4_777_Enhancements/devswarm2/adapters/livekit.py",
      "match": "stub"
    },
    {
      "project": "Prometheus_RAV4_777_Enhancements_v15.zip",
      "file": "/mnt/data/_work_prometheus_merge/Prometheus_RAV4_777_Enhancements_v15/Prometheus_RAV4_777_Enhancements/devswarm2/adapters/livekit.py",
      "match": "Stub"
    },
    {
      "project": "Prometheus_RAV4_777_Enhancements_v15.zip",
      "file": "/mnt/data/_work_prometheus_merge/Prometheus_RAV4_777_Enhancements_v15/Prometheus_RAV4_777_Enhancements/devswarm2/adapters/llm_cli.py",
      "match": "placeholder"
    },
    {
      "project": "Prometheus_RAV4_777_Enhancements_v15.zip",
      "file": "/mnt/data/_work_prometheus_merge/Prometheus_RAV4_777_Enhancements_v15/Prometheus_RAV4_777_Enhancements/devswarm2/adapters/webkit.py",
      "match": "Stub"
    },
    {
      "project": "Prometheus_RAV4_777_Enhancements_v15.zip",
      "file": "/mnt/data/_work_prometheus_merge/Prometheus_RAV4_777_Enhancements_v15/Prometheus_RAV4_777_Enhancements/devswarm2/adapters/webkit.py",
      "match": "placeholder"
    },
    {
      "project": "Prometheus_RAV4_777_Enhancements_v15.zip",
      "file": "/mnt/data/_work_prometheus_merge/Prometheus_RAV4_777_Enhancements_v15/Prometheus_RAV4_777_Enhancements/scripts/.gitkeep",
      "match": "Placeholder"
    },
    {
      "project": "Prometheus_RAV4_777_Enhancements_v15.zip",
      "file": "/mnt/data/_work_prometheus_merge/Prometheus_RAV4_777_Enhancements_v15/Prometheus_RAV4_777_Enhancements/templates/builder.py",
      "match": "placeholder"
    },
    {
      "project": "Prometheus_RAV4_777_Enhancements_v15.zip",
      "file": "/mnt/data/_work_prometheus_merge/Prometheus_RAV4_777_Enhancements_v15/Prometheus_RAV4_777_Enhancements/templates/builder.py",
      "match": "placeholder"
    }
  ]
}