{
    "Phoenix_Master_System": {
        "Phoenix_Core": {
            "Runtime_Engine": {
                "phoenix_runtime.py": {},
                "memory_chain_engine.py": {},
                "codex_binding_logic.py": {},
                "validator_loop.py": {}
            },
            "Swarm_Hivemind": {
                "ai_nodes": {
                    "red_team_ai.py": {},
                    "blue_team_ai.py": {},
                    "grey_team_ai.py": {}
                },
                "swarm_graph.json": {}
            },
            "Nexus_Protocols": {
                "law_enforcer.py": {},
                "truth_engine.py": {},
                "codex_guardian.py": {}
            },
            "Godmode_Interface": {
                "godmode_gui.py": {},
                "siri_bridge.py": {},
                "terminal_command_center.py": {}
            }
        },
        "Wardog_Systems": {
            "Offensive_Suite": {
                "exploit_runner.py": {},
                "payload_generator.py": {},
                "red_ops_matrix.json": {}
            },
            "Defensive_Suite": {
                "immunedog_core.py": {},
                "firewall_rules.db": {},
                "quarantine_engine.py": {}
            },
            "Forensic_Tools": {
                "packet_analyzer.py": {},
                "mitm_detector.py": {},
                "ja3_fingerprint.py": {}
            },
            "Live_Response": {
                "response_dispatcher.py": {},
                "notification_agent.py": {},
                "auto_blocklist.json": {}
            }
        },
        "Codex_Bindings": {
            "Phoenix_Codex.json": {},
            "Codex_Laws": {
                "LAW-0000-Ownership.txt": {},
                "TRUTH-0001-RootPrinciple.txt": {},
                "ENFORCEMENT-CASCADE.md": {}
            },
            "Codex_Runtime_Map": {
                "phoenix_node_map.graphml": {},
                "codex_threads.json": {}
            }
        },
        "Device_Bindings": {
            "Phoenix_Insperon": {
                "sync_daemon.sh": {},
                "phoenix_terminal_mac.app": {},
                "autorun.profile": {}
            },
            "Phoenix_iPhone13": {
                "phoenix_shortcuts": {
                    "launch_terminal.shortcut": {},
                    "wardog_alerts.shortcut": {}
                },
                "pythonista_sync.py": {},
                "iSH_pipeline.sh": {}
            },
            "Phoenix_VM_MacOS": {
                "phoenix_virtual_core.py": {},
                "codex_bridge.plist": {}
            },
            "Phoenix_Chat_Interface": {
                "swarm_proxy_controller.py": {},
                "godmode_message_hub.py": {}
            }
        },
        "Interfaces": {
            "GUI_Launcher": {
                "phoenix_gui_launcher.app": {},
                "phoenix_hivemind_dashboard.ui": {}
            },
            "Voice_Command": {
                "siri_phoenix_bridge.py": {}
            },
            "Codex_API": {
                "codex_post_handler.py": {},
                "json_interface_gateway.py": {}
            },
            "CLI_Bindings": {
                "phoenix_command_line.sh": {}
            }
        },
        "Auto_Sync_System": {
            "realtime_sync_engine.py": {},
            "phoenix_sync_log.db": {},
            "swarm_sync_validator.py": {}
        },
        "Certificates_and_Licensing": {
            "adam_henry_nagle_certificate.cert": {},
            "phoenix_platform_license.key": {},
            "trademark_documents": {
                "phoenix_tm_protection.pdf": {},
                "ai_discovery_rights.md": {}
            }
        }
    }
}