{
  "name": "Hardening & Release",
  "steps": [
    {
      "command": "tbox",
      "scope": "all",
      "args": "audit --fix"
    },
    {
      "command": "secure_guard",
      "scope": "repo",
      "args": "--path . --ruleset strict --secrets --licenses --sast"
    },
    {
      "command": "sbom",
      "scope": "repo",
      "args": "--out build/sbom.json"
    },
    {
      "command": "release",
      "scope": "repo",
      "args": "--version 1.0.0 --channel beta --notes CHANGELOG.md"
    }
  ]
}