{
  "generated_utc": "2025-08-31T10:02:33.248244+00:00",
  "totals": {
    "files": 390,
    "bytes": 147172,
    "human": "143.72 KB"
  },
  "counts": {
    "manifests": 3,
    "test_scripts": 0,
    "codex_locks": 65,
    "vaulttime_seals": 260
  },
  "by_top_directory": [
    {
      "dir": "SEALS",
      "files": 260,
      "bytes": 65113,
      "human": "63.59 KB"
    },
    {
      "dir": "prometheus_supermonorepo_v2",
      "files": 21,
      "bytes": 35925,
      "human": "35.08 KB"
    },
    {
      "dir": "CODEX_LOCKS",
      "files": 65,
      "bytes": 14759,
      "human": "14.41 KB"
    },
    {
      "dir": "apps",
      "files": 27,
      "bytes": 9995,
      "human": "9.76 KB"
    },
    {
      "dir": ".github",
      "files": 6,
      "bytes": 7385,
      "human": "7.21 KB"
    },
    {
      "dir": "tools",
      "files": 3,
      "bytes": 7015,
      "human": "6.85 KB"
    },
    {
      "dir": "clients",
      "files": 6,
      "bytes": 4662,
      "human": "4.55 KB"
    },
    {
      "dir": "README_RUN.md",
      "files": 1,
      "bytes": 1827,
      "human": "1.78 KB"
    },
    {
      "dir": "Makefile",
      "files": 1,
      "bytes": 491,
      "human": "491.00 B"
    }
  ],
  "by_extension": [
    {
      "ext": ".json",
      "files": 329,
      "bytes": 82289,
      "human": "80.36 KB"
    },
    {
      "ext": ".yaml",
      "files": 14,
      "bytes": 4598,
      "human": "4.49 KB"
    },
    {
      "ext": ".py",
      "files": 12,
      "bytes": 32150,
      "human": "31.40 KB"
    },
    {
      "ext": "(none)",
      "files": 7,
      "bytes": 1052,
      "human": "1.03 KB"
    },
    {
      "ext": ".yml",
      "files": 7,
      "bytes": 8264,
      "human": "8.07 KB"
    },
    {
      "ext": ".md",
      "files": 6,
      "bytes": 3001,
      "human": "2.93 KB"
    },
    {
      "ext": ".txt",
      "files": 4,
      "bytes": 486,
      "human": "486.00 B"
    },
    {
      "ext": ".sh",
      "files": 4,
      "bytes": 4440,
      "human": "4.34 KB"
    },
    {
      "ext": ".ts",
      "files": 2,
      "bytes": 5540,
      "human": "5.41 KB"
    },
    {
      "ext": ".ini",
      "files": 1,
      "bytes": 38,
      "human": "38.00 B"
    },
    {
      "ext": ".html",
      "files": 1,
      "bytes": 1549,
      "human": "1.51 KB"
    },
    {
      "ext": ".tpl",
      "files": 1,
      "bytes": 81,
      "human": "81.00 B"
    },
    {
      "ext": ".dart",
      "files": 1,
      "bytes": 2006,
      "human": "1.96 KB"
    },
    {
      "ext": ".js",
      "files": 1,
      "bytes": 1678,
      "human": "1.64 KB"
    }
  ]
}