{
  "environments": [
    "Dev",
    "Test",
    "Prod"
  ],
  "capabilities": [
    "Push",
    "AppGroups",
    "BackgroundModes",
    "Widgets",
    "NotificationsExt"
  ],
  "distributions": [
    "TestFlight",
    "AppStore",
    "AdHoc",
    "AltStore",
    "BitriseTF"
  ],
  "popular_combos": [
    {
      "env": "Dev",
      "caps": [
        "AppGroups"
      ],
      "dist": "AltStore"
    },
    {
      "env": "Test",
      "caps": [
        "Push",
        "Widgets",
        "NotificationsExt"
      ],
      "dist": "TestFlight"
    },
    {
      "env": "Prod",
      "caps": [
        "Push",
        "AppGroups",
        "BackgroundModes",
        "Widgets",
        "NotificationsExt"
      ],
      "dist": "AppStore"
    },
    {
      "env": "Prod",
      "caps": [
        "Push"
      ],
      "dist": "AdHoc"
    },
    {
      "env": "Test",
      "caps": [
        "AppGroups",
        "Widgets"
      ],
      "dist": "BitriseTF"
    }
  ]
}