[
  {
    "path": "prometheus_supermonorepo_v2/tools",
    "features": [
      "python"
    ]
  },
  {
    "path": "prometheus_supermonorepo_v2/tools/drive_uploader",
    "features": [
      "python"
    ]
  },
  {
    "path": "prometheus_supermonorepo_v2/tools/orchestrator",
    "features": [
      "python"
    ]
  },
  {
    "path": "prometheus_supermonorepo_v2/tools/orchestrator/agents",
    "features": [
      "python"
    ]
  },
  {
    "path": "tools",
    "features": [
      "python"
    ]
  },
  {
    "path": "apps/libmobile/api",
    "features": [
      "python",
      "dockerfile"
    ]
  },
  {
    "path": "apps/libmobile/api/tests",
    "features": [
      "python"
    ]
  },
  {
    "path": "apps/libmobile/web",
    "features": [
      "dockerfile"
    ]
  },
  {
    "path": "apps/libmobile/infra",
    "features": [
      "compose"
    ]
  },
  {
    "path": "clients/libmobile/react-native",
    "features": [
      "node"
    ],
    "package_name": "libmobile-rn",
    "scripts": {
      "start": "expo start",
      "android": "expo run:android",
      "ios": "expo run:ios"
    },
    "deps": [
      "expo",
      "expo-status-bar",
      "react",
      "react-native"
    ]
  }
]