{
  "name": "drive_uploader",
  "version": "1.0.0",
  "description": "Prometheus global Google Drive uploader with VaultTime manifests, resumable uploads, SHA-256 integrity.",
  "runtime_bindings": ["Prometheus Runtime","Prometheus Project","All Projects (global)"],
  "files": [
    "tools/drive_uploader/drive_uploader.py",
    "tools/drive_uploader/requirements.txt",
    "tools/drive_uploader/README.md",
    "scripts/prom_bind_all.sh"
  ],
  "capabilities": {
    "drive_sync": true,
    "sha256_integrity": true,
    "resumable_uploads": true,
    "parallel_uploads": true,
    "idempotency": true
  },
  "security": {
    "vaulttime_manifest": true,
    "codex_locked": true,
    "creds_in_local_creds_dir": true,
    "no_commit_of_client_secret": true
  }
}
