{
  "name": "orchestrator",
  "version": "1.0.0",
  "description": "Codex-driven agent orchestration for build/test/package/codex/upload across all projects.",
  "runtime_bindings": ["Prometheus Runtime","Prometheus Project","All Projects (global)"],
  "files": [
    "scripts/prometheus_total_entrypoint.sh",
    "prometheus.config.yml",
    "tools/orchestrator/orchestrator.py",
    "tools/orchestrator/requirements.txt",
    "tools/orchestrator/agents/base.py",
    "tools/orchestrator/agents/registry.py",
    "tools/orchestrator/agents/forge.py",
    "tools/orchestrator/agents/codex.py",
    "tools/orchestrator/agents/uploader.py",
    "tools/orchestrator/agents/verify.py"
  ],
  "policies": { "companion_manifest_test": true, "drift_tolerance": 0.0, "tier": "Tier-1++" }
}
