{
  "title": "Prometheus Platinum \u2014 Overview",
  "panels": [
    {
      "type": "graph",
      "title": "CPU Usage",
      "targets": [
        {
          "expr": "sum(rate(container_cpu_usage_seconds_total[5m]))"
        }
      ]
    },
    {
      "type": "graph",
      "title": "Memory Usage",
      "targets": [
        {
          "expr": "sum(container_memory_usage_bytes)"
        }
      ]
    },
    {
      "type": "graph",
      "title": "HTTP Requests",
      "targets": [
        {
          "expr": "sum(rate(http_requests_total[5m]))"
        }
      ]
    }
  ],
  "time": {
    "from": "now-1h",
    "to": "now"
  }
}