{
  "$schema": "https://json-schema.org/draft/2020-12/schema",
  "title": "GoogleIntents",
  "type": "object",
  "required": [
    "version",
    "updated_at",
    "intents"
  ],
  "properties": {
    "version": {
      "type": "integer"
    },
    "updated_at": {
      "type": "string"
    },
    "intents": {
      "type": "array",
      "items": {
        "type": "object",
        "required": [
          "name",
          "phrases"
        ],
        "properties": {
          "name": {
            "type": "string"
          },
          "phrases": {
            "type": "array",
            "items": {
              "type": "string"
            }
          },
          "meta": {
            "type": "object",
            "properties": {
              "created_at": {
                "type": "string"
              },
              "last_seen_at": {
                "type": "string"
              },
              "activity_score": {
                "type": "number"
              },
              "total_count": {
                "type": "integer"
              },
              "protect": {
                "type": "boolean"
              },
              "status": {
                "type": "string"
              },
              "tags": {
                "type": "array",
                "items": {
                  "type": "string"
                }
              },
              "owner": {
                "type": "string"
              },
              "owner_approved_at": {
                "type": "string"
              },
              "rebuild_cost": {
                "type": "number"
              },
              "dependency_count": {
                "type": "integer"
              },
              "uniqueness": {
                "type": "number"
              },
              "compliance_critical": {
                "type": "boolean"
              },
              "biz_criticality": {
                "type": "number"
              },
              "usefulness_score": {
                "type": "number"
              },
              "prune_reason_codes": {
                "type": "array",
                "items": {
                  "type": "string"
                }
              },
              "marked_at": {
                "type": "string"
              }
            }
          },
          "rationale": {
            "type": "object",
            "properties": {
              "decision": {
                "type": "string"
              },
              "thresholds": {
                "type": "object"
              },
              "triggers": {
                "type": "array",
                "items": {
                  "type": "string"
                }
              },
              "computed": {
                "type": "object"
              }
            }
          }
        }
      }
    },
    "pending_prune": {
      "type": "array"
    },
    "new_intent_candidates": {
      "type": "array"
    },
    "meta": {
      "type": "object"
    }
  }
}