{
  "policy_version": 3,
  "inactive_days_to_mark": 45,
  "pending_prune_confirmation_days": 14,
  "new_intent_grace_days": 30,
  "min_frequency_threshold": 3,
  "observation_window_days": 90,
  "half_life_days": 14,
  "protect_tag_key": "protect",
  "delete_requires_flag": true,
  "safe_delete_max_per_run": 25,
  "usefulness": {
    "keep_threshold": 0.7,
    "cocoon_threshold": 0.5,
    "weights": {
      "rebuild_cost": 0.35,
      "dependency_count": 0.2,
      "uniqueness": 0.2,
      "compliance_critical": 0.15,
      "biz_criticality": 0.1
    },
    "max_dependency_count": 12
  },
  "hard_never_prune_tags": [
    "compliance",
    "payments",
    "auth",
    "legal",
    "p0"
  ],
  "owner_policy": {
    "require_for_tags": [
      "owner_required",
      "externally_visible"
    ],
    "grace_days_after_approval": 7
  },
  "archiving": {
    "enabled": true,
    "archive_dir": "nlp/archive",
    "tombstone_fields": [
      "name",
      "phrases",
      "meta",
      "rationale",
      "archived_at",
      "source_sha256"
    ]
  },
  "reason_codes": {
    "inactive": "No hits since inactive_days_to_mark",
    "low_signal": "Total count below min_frequency_threshold",
    "new_intent_grace": "Created within new_intent_grace_days",
    "usefulness_override": "Usefulness above keep_threshold",
    "protect_or_hard_tag": "Protect flag or hard never-prune tag present",
    "pending_prune_confirm_window": "Marked pending; waiting confirmation window",
    "pending_prune_wait_owner": "Owner approval required before prune",
    "cocooned": "Low activity but useful; preserved in 'cocoon'",
    "hard_delete": "Meets all conditions and explicitly allowed via flag",
    "archived": "Meets conditions; archived (soft delete) per policy"
  }
}