{
  "name": "UBP Dev",
  "dockerComposeFile": "../docker-compose.yml",
  "service": "code",
  "workspaceFolder": "${localWorkspaceFolder}",
  "features": {
    "ghcr.io/devcontainers/features/node:1": {
      "version": "20"
    },
    "ghcr.io/devcontainers/features/python:1": {
      "version": "3.12"
    }
  },
  "customizations": {
    "vscode": {
      "settings": {
        "terminal.integrated.defaultProfile.linux": "bash"
      },
      "extensions": [
        "ms-python.python",
        "ms-toolsai.jupyter",
        "ms-azuretools.vscode-docker"
      ]
    }
  },
  "remoteUser": "vscode"
}
