path,ext,size,sha256,maybe_placeholder
prometheus_macros/__init__.py,.py,31,4a4da43d2db3525d8c34f2156cf9bfa152de79549daba9a64f9c440e4742fc01,True
prometheus_macros/macro_runner.py,.py,3416,30bad8fed51bb1a456bfa75bd0552106eedc71d6e8da3fc1598de2bd845a08ee,True
prometheus_macros/steps/generate.py,.py,2792,8b1104eb4ebce22c71562eba34509155a725d82d35af4f1801228d1e08305c5c,True
prometheus_macros/steps/license_audit.py,.py,412,1b01a81ba737cc3588584bf020bf9c1d41c10fb7e224fde7a7acdd5e84678502,True
sample_project/src/app.py,.py,15,03e693d9f2f687e0f40e36a8df7fcb4d1c22974012b7c2a55c000eb30f305824,True
templates/api_fastapi/README.md,.md,18,ab126d9390354148075ed939e7f65011c65da605f77f0e42c781231c6690caf6,True
templates/ui_react/README.md,.md,22,9ff774106168704765b286cdfde54c7edf471fdd80a6cb5ec64d3aed672931ef,True
templates/worker_python/README.md,.md,23,1f74ba19407233007ef46a8bc82ce034d657a5867502ff6e61137b8db6736511,True
templates/worker_python/worker.py,.py,553,af9c32c88137d25eebe43b4c277fd7e0390066c75b69bf43ff33ae7eaa1eef13,True
.pytest_cache/.gitignore,<none>,37,3ed731b65d06150c138e2dadb0be0697550888a6b47eb8c45ecc9adba8b8e9bd,False
.pytest_cache/CACHEDIR.TAG,.tag,191,37dc88ef9a0abeddbe81053a6dd8fdfb13afb613045ea1eb4a5c815a74a3bde4,False
.pytest_cache/README.md,.md,302,73fd6fccdd802c419a6b2d983d6c3173b7da97558ac4b589edec2dfe443db9ad,False
.pytest_cache/v/cache/lastfailed,<none>,125,e5beb3992fd55761a1a9f5ddcff72aff769543a2e4ee3452a75cd58c7c8e6c70,False
.pytest_cache/v/cache/nodeids,<none>,165,3470b22b5de83281c52d981a07c6e06a4576a85c457496654683e243b377349b,False
.pytest_cache/v/cache/stepwise,<none>,2,4f53cda18c2baa0c0354bb5f9a3ecbe5ed12ab4d8e11ba873c2f11161202b945,False
README.md,.md,255,abba9ecf4e3ee01aae1c1bc82d2400cf80fe2b90c94a99d1a0057238bdb617eb,False
_FILE_TREE.txt,.txt,3009,0b4430aad539af98e26bfd35d7b75d2f8352a3d695e80b8bf9abe0b6ec6d636c,False
debug_out/DELIVERABLES.txt,.txt,160,5e80c989994d2da67ffe27b6325c9707d8a0094be10492af610ea665ae91b2a7,False
debug_out/MANIFEST.json,.json,407,810b05ad62b4ff546d8636928ffe6cc4110c9ab416136fe6edcc31dd27971a95,False
debug_out/RAV3_META.json,.json,124,b9d2ca890434f24aec15946bd533b3e8c53484e063da8c8a930d0cf7d783db99,False
debug_out/RAV3_REPORT.txt,.txt,2879,3671d40f668de7a0d55c1c38efaf1137c479b1b7f3441c8bdbe9a189cb1dfd3c,False
debug_out/VAULTTIME.json,.json,196,6cbb607a75870ed7fc0db466e47539a790453f845cbdbb92c0af4572b31061c7,False
debug_out/bundle.tar,.tar,61440,9b37bf58ebce43729efd8a17dfd2727647746f32e88ef2c9e9173b11fbe76f50,False
debug_out/bundle.tar.gz,.gz,1575,580e7594b94c35d0c5ccceae8288764f2753992beec8a3522145eec6f26d8413,False
debug_project/.coverage,<none>,53248,eb1f0d1496dde6e83f58e0060bed4d3c9f3d7c538d7da58296260c908eedd5e1,False
debug_project/LICENSE,<none>,4,adc37366f403835c1470ab2df93d3837d4719372fc1ef8593d922e06f033f8b2,False
debug_project/README.md,.md,342,900edb501687588695497b5f6bea63e972101ba33de5b0ef0356c7204801a1a6,False
macros/idea2app.yaml,.yaml,176,2d252cd6a037b232dbc8cfe54f453b8c4fbbb2ecbe967a8282a443bad48dff98,False
macros/prometheus_engine_forge.yaml,.yaml,269,22eab0d2eed1cb4b42d1fe62870527c048902283b80badf74d91ac3a73e50d69,False
manual_out2/bundle.tar,.tar,61440,174eb66b0bfd4ec2859c9386e117dcfe733bcfba4d55c9d2a6d53d2dbcb01ec2,False
manual_out3/bundle.tar,.tar,61440,19b943c9ad1b80f75219553a9acc41541eaabac34c2ce23c875b720bd4f2b462,False
manual_out4/DELIVERABLES.txt,.txt,160,5e80c989994d2da67ffe27b6325c9707d8a0094be10492af610ea665ae91b2a7,False
manual_out4/MANIFEST.json,.json,407,26bb1b4029d57cc520568c93c536d25ebe762aab5a94081bb34e062d37fd0196,False
manual_out4/RAV3_META.json,.json,124,75a01143a55466652086bd48bd157f23267d5d2b3a3b4283bb71bef9e7de1b27,False
manual_out4/RAV3_REPORT.txt,.txt,2864,59f58b82f76039feacdf7125c57f7611004ff92c82a980139ef581210bcfa78a,False
manual_out4/VAULTTIME.json,.json,196,ea81f84a0330bd095527caceaf2c17c6f0370610a05045723f9830d65357752d,False
manual_out4/bundle.tar,.tar,61440,f47e9dc15eadc701660e58de205698ce2bfc9a480bd9545dd900ff3b28d93839,False
manual_out4/bundle.tar.gz,.gz,1576,092986ae4afd49e74c2ab2bdc7d62d0fbdc5a746785c0d4ef76b4cef919abeb4,False
manual_project/.coverage,<none>,53248,eb1f0d1496dde6e83f58e0060bed4d3c9f3d7c538d7da58296260c908eedd5e1,False
manual_project/LICENSE,<none>,4,adc37366f403835c1470ab2df93d3837d4719372fc1ef8593d922e06f033f8b2,False
manual_project/README.md,.md,343,61094eb6f1b1cbf1346317e205421c1a4f3468bd98116a6d306a2fab45634324,False
manual_project2/.coverage,<none>,53248,eb1f0d1496dde6e83f58e0060bed4d3c9f3d7c538d7da58296260c908eedd5e1,False
manual_project2/LICENSE,<none>,4,adc37366f403835c1470ab2df93d3837d4719372fc1ef8593d922e06f033f8b2,False
manual_project2/README.md,.md,345,8280a0282c707f9775e706ad0f8e4e6a5719d3745ba5ddc2e4122946cbb9fc5d,False
manual_project3/.coverage,<none>,53248,eb1f0d1496dde6e83f58e0060bed4d3c9f3d7c538d7da58296260c908eedd5e1,False
manual_project3/LICENSE,<none>,4,adc37366f403835c1470ab2df93d3837d4719372fc1ef8593d922e06f033f8b2,False
manual_project3/README.md,.md,345,7042b81fd4b8c3aa2f3c96d7df9bd891674eb10d2a1b85e0e9f3bfc325f02de6,False
manual_project4/.coverage,<none>,53248,eb1f0d1496dde6e83f58e0060bed4d3c9f3d7c538d7da58296260c908eedd5e1,False
manual_project4/LICENSE,<none>,4,adc37366f403835c1470ab2df93d3837d4719372fc1ef8593d922e06f033f8b2,False
manual_project4/README.md,.md,345,d2e06eff0c1f2b2b7cfcd96e01faa2f2b0fda9fba32f2c43cdfe9f141547afb5,False
prometheus_macros/__pycache__/__init__.cpython-311.pyc,.pyc,194,d869ecb58e29cff8bdb8ade1197670666d864dbbcf982416c0441779782c4e24,False
prometheus_macros/__pycache__/macro_runner.cpython-311.pyc,.pyc,5043,eb0d630e6d87e920138eedb055490052865c2e7686b5d08c9efa8f70500dc89a,False
prometheus_macros/cli.py,.py,680,1676994b1b6fe9b1647608caf9198f37a01e01a014708d2b94ca2ebecb5e239e,False
prometheus_macros/steps/__pycache__/analyze.cpython-311.pyc,.pyc,1769,91e9d148691655f691581bc52ac40c615d91c8495bcc599f99a1c2fd2e43e15f,False
prometheus_macros/steps/__pycache__/cst.cpython-311.pyc,.pyc,1108,80836b533c38224f4bc85791ab2b2c7492530311e990fae18465db8b086622fb,False
prometheus_macros/steps/__pycache__/deliver.cpython-311.pyc,.pyc,889,90768384694cedba8d2d709f3bf63505f420143fc01bd5223bd3c540e0cd720d,False
prometheus_macros/steps/__pycache__/enhance.cpython-311.pyc,.pyc,1739,b53e933dd6fef4b6619a9a4d1e63d8d313b02f2302104c24a4c78e625b65fffa,False
prometheus_macros/steps/__pycache__/jc_test.cpython-311-pytest-8.2.2.pyc,.pyc,2173,787fedec1c55850adfe5e093246000fd648b218b738e7ef6500f8320210a0c05,False
prometheus_macros/steps/__pycache__/review.cpython-311.pyc,.pyc,1542,73722e72a9b7feba692b6970aefdf59cea9ac3425e4605f317683def10157388,False
prometheus_macros/steps/__pycache__/tbox_packager.cpython-311.pyc,.pyc,4621,af818fc9655e2c52c4531fcba336b4c6ace4324434ae79533b276432b54e49ba,False
prometheus_macros/steps/__pycache__/vaulttime.cpython-311.pyc,.pyc,1123,4513fb88be3b6f39ea1595251be2cf6a5c72f315596a16e15a4a613b3b909b47,False
prometheus_macros/steps/analyze.py,.py,849,d47ea6dd96b89365c3b07e53477a4040b877e671b4b70189472541e2e25f0784,False
prometheus_macros/steps/cst.py,.py,684,b1ba6088d51f2bf7267353249e977866edb1d767237b9760088dc65c2d2eea0a,False
prometheus_macros/steps/deliver.py,.py,498,83d27975edb3c764c1b34d4cced3cf952dec1a0198580ddc05d0d34ea1f3efc8,False
prometheus_macros/steps/enhance.py,.py,1083,cb8d1e18f46f936685e243e4774b4429de6f7df514d06d4c6f37c60432de212e,False
prometheus_macros/steps/jc_test.py,.py,1062,9b6be586dda01795ebc86682f2d6d511f78755d0d1a03d78046d4282333b8e5b,False
prometheus_macros/steps/review.py,.py,687,4da8ab827e52e23c8d22bbe556e95afe808d4a0337420f70516d87000d3a945f,False
prometheus_macros/steps/sbom_scan.py,.py,984,26d623cb69171c79d233de37793b18f5d94bdaf2e3ad9444294bea8f9e39e8b4,False
prometheus_macros/steps/security_hardening.py,.py,551,138a2b1842c71d673a7639a6130a1e734768ff000624363fa45bee43eae6ccaf,False
prometheus_macros/steps/tbox_packager.py,.py,2029,e1821a0f0589dddfa894f106c5718b78707dd739cedf683a9711b222f754326b,False
prometheus_macros/steps/validate_blueprint.py,.py,1117,abd44d63acee72ef164043482301b373775eb6b7fcb92084799b6219bf43d391,False
prometheus_macros/steps/vaulttime.py,.py,522,1de57f84ee6df077cf633091cf13ea08f19f6c68588088cc4ee50a2e8a8082d2,False
prometheus_macros/steps/wire_interfaces.py,.py,600,2b3f682412f40051a44fb9fae89a4498d7d5ca6e7c23edaa410a416addbc996b,False
prometheus_macros/utils/__pycache__/io.cpython-311.pyc,.pyc,2637,c0fb575f22150428e4ceb22fb98d61c955fcf3be475a2634dcdc0598ba2d1bc7,False
prometheus_macros/utils/__pycache__/report.cpython-311.pyc,.pyc,2321,117929eea4b8e5122bd28d5d7cbaf05fbb1aba5b4f4266bf7528dbc7eaa71a1f,False
prometheus_macros/utils/__pycache__/shell.cpython-311.pyc,.pyc,1213,d8e280749ba936c72f9338f3bc5ed61ff028e76862ec1e32234b03cc027f8ade,False
prometheus_macros/utils/io.py,.py,759,8aeeb44631ed9b3e2f5dc29927a1a9f88f1933577eca717096d89cdcc457a0d1,False
prometheus_macros/utils/report.py,.py,877,60420d3715cd13124772a68641a0693bd7c659e9f386d1f23f2cc6fb8f00bc93,False
prometheus_macros/utils/shell.py,.py,532,ddbb289c4a9e1ef752ac3d99f6ced5bd16a91c4985d5dabcc602a341bdf7f3a7,False
pyproject.toml,.toml,347,6ca0db21152390c21792d13d4105bc6ff14e0fffc62d9a2311f9d85486e4f74c,False
sample_project/.coverage,<none>,53248,eb1f0d1496dde6e83f58e0060bed4d3c9f3d7c538d7da58296260c908eedd5e1,False
sample_project/LICENSE,<none>,4,adc37366f403835c1470ab2df93d3837d4719372fc1ef8593d922e06f033f8b2,False
sample_project/README.md,.md,351,e2a19b010f738ae2d4f07b979ac74f73b6c0f1eebb0873f37e84ee413649fa7c,False
scripts/harden.sh,.sh,149,c3f8993a99fb7c8c3ac2d7f48dd9e9f12bd62fbeddfd200dbdbc17068ed444c6,False
scripts/sbom.sh,.sh,487,6e63205f1feae424fea446fa6d5fff45dee83b177a5458ad2aca1af59f30058c,False
templates/api_fastapi/Dockerfile,<none>,607,e03a302b6d9e0879a9959caa3a5dc72f7ecfe2549d8726a5071d847364eebc1b,False
templates/api_fastapi/app.py,.py,226,72af66dcc9ff8fa7854976af39360ced9bfbd2c54b9cbe95717a545dbfb7b445,False
templates/api_fastapi/pyproject.toml,.toml,166,01e584d74c95a6cfc8bec55d9f93b435b016cdf739b3199628b8fc6cd0e33a68,False
templates/infra_compose/Dockerfile.ui,.ui,115,f8f6a309cea3b5e14e3706b8a564e8f2fcbf61a3eec6225c17af9bf1194c7d4d,False
templates/infra_compose/docker-compose.yml,.yml,617,f3427e753222ab40d90bad8d29a9b56f20f500359ae4b94b90b7274e5e0f8c01,False
templates/ui_react/index.html,.html,336,696a5c053d0fbed0f14c8919972175b759d6e1ec99405804ebf5d0717da81ba1,False
templates/ui_react/package.json,.json,170,7bbc6f7a2cc84a3b81ac9c53c85521c1e38630d6561d2153e0f568af3002b126,False
templates/worker_python/Dockerfile,<none>,250,43e52e0d08697f3e6fd857910ef486f0a6150469ca1c1b920646365b0b842242,False
tests/__pycache__/test_rav3.cpython-311-pytest-8.2.2.pyc,.pyc,7894,9e2882ae2fe9681ae9205d24eb557ab9d9551ff44bf9b85f6ff97582aedb09e1,False
tests/test_rav3.py,.py,3186,1694712862e51c3efd7a6e9f2a094c7d17b7b6eea163fb24c11110a9e6db927e,False
