{
  "owner": {
    "name": "Adam Henry Nagle",
    "phone": "6033848949",
    "emails": [
      "cainkilledabrl@icloud.com",
      "nagleadam75@gmail.com"
    ]
  },
  "datasets": [
    {
      "name": "sample_users",
      "path": "packages/datasets/sample_users.json"
    },
    {
      "name": "sample_tasks",
      "path": "packages/datasets/sample_tasks.json"
    }
    ,
    {
      "name": "truth_tree",
      "path": "packages/datasets/truth_tree.json"
    },
    {
      "name": "rav3_inventory",
      "path": "packages/datasets/rav3_inventory.csv"
    }
    ,
    {
      "name": "entity_link_test",
      "path": "packages/datasets/entity_link_test.csv"
    },
    {
      "name": "phoenix_power_laws",
      "path": "packages/datasets/phoenix_power_laws.json"
    }
  ]
}