{
  "generated_at": "20250818-225147",
  "algorithm": "SHA-256",
  "files": [
    {
      "path": ".editorconfig",
      "sha256": "b44c4fd5fd2b6f5c92ae5610410ebe462c48aad51715884506050fdfcc6702dd",
      "size": 98
    },
    {
      "path": ".gitattributes",
      "sha256": "e753774a5c6c845d5b43db5e4e133c8b7308c233f036517be1e2ae01cb068790",
      "size": 12
    },
    {
      "path": ".gitignore",
      "sha256": "e36157f49ca5cbbb94a8dd499302d87b96417e481972b5efe42aee469715e491",
      "size": 55
    },
    {
      "path": "CODEX_LOCK.md",
      "sha256": "511db4303675bebe94e6d80ef5292a7f50f81b373ac0e45793922275286ba4f7",
      "size": 54
    },
    {
      "path": "CODE_OF_CONDUCT.md",
      "sha256": "e7ae66805a0ba9f49b3dc6a5646e25683ebb6030ed3c48939eb191ec7aef3c75",
      "size": 14
    },
    {
      "path": "CONTRIBUTING.md",
      "sha256": "70ae506a6bbfb343f0b6171e7060c61655feae147841290d6aecd13e0123b5d0",
      "size": 32
    },
    {
      "path": "LICENSE",
      "sha256": "15f960d612c27c8e0e28980e1fa6d17599ebea49088c86295b975c2fdff45a9e",
      "size": 337
    },
    {
      "path": "MANIFEST.integrity.json",
      "sha256": "f1869821d51048c40ef2cbd7d94e674faef9332e8e01b0b137b04d8fa2a095bb",
      "size": 15547
    },
    {
      "path": "NOTICE",
      "sha256": "8d2a25be912bdd9d4ce5fa5ef9b90b180e0a957ae09ff07b226ccf5e2281f6f0",
      "size": 28
    },
    {
      "path": "OWNER.md",
      "sha256": "c950c6b4e82aeb31c00c6c0cb5b455b820b9ee61d0b71c9ebf09f31556e20193",
      "size": 72
    },
    {
      "path": "README.md",
      "sha256": "42686fea1181f934129160fcba194e955b650a28ff418fd17950305189d9e8ec",
      "size": 252
    },
    {
      "path": "SBOM.cycdx.json",
      "sha256": "44c505f4330a1baedcd710bc691ffe08e0f3cdd0cab854524602d31ac95d9c52",
      "size": 13918
    },
    {
      "path": "SECURITY.md",
      "sha256": "8b61ecc88f0358ac259e81c13a5323476c901f40167eaf6c8151fa30b92220c4",
      "size": 47
    },
    {
      "path": "VAULTTIME_SEAL.md",
      "sha256": "c7aeba9727effd9f27bd96f5bec317e029473328777f1eedaa0e21d7c9d57e10",
      "size": 44
    },
    {
      "path": "apps/ai-gateway-pro/kong/declarative/kong.yaml",
      "sha256": "f46569d980344a8cf45ba0e145497988f0c96f0494f3063975abee8980443133",
      "size": 731
    },
    {
      "path": "apps/ai-gateway-pro/policies/default-policy.json",
      "sha256": "74616e148f4533f9d7bfacbba2b9521327ae76d0b1d99005bc7b66831eeeba59",
      "size": 240
    },
    {
      "path": "apps/control-nexus/package.json",
      "sha256": "ffbe8e2dce5af7ff4ebf94ab2f6ef07395131c80ce2c3dff4e0d097a8abd5c73",
      "size": 48
    },
    {
      "path": "apps/control-nexus/web/next.config.js",
      "sha256": "27aad49f2bfafae3ccdd3a4266dca58fa2575cc7b09e8e79b2e6578dfe6bf7c9",
      "size": 39
    },
    {
      "path": "apps/control-nexus/web/src/components/Dashboard/Dashboard.tsx",
      "sha256": "ccd56cd98536a8abd2c670abf065aa0807d49800d1894ff158ee74016c20a657",
      "size": 71
    },
    {
      "path": "forge_zip.sh",
      "sha256": "028cb2b5368048b8f8160fa68b1ab333c1283f66ac8828b8914dee7bf5f27b60",
      "size": 889
    },
    {
      "path": "hal_forge",
      "sha256": "6a8c2d41ff48b31f112ef41cf2c9f0f6d2ac4efdff3da99e9687ecdb901076c0",
      "size": 423
    },
    {
      "path": "infrastructure/kubernetes/helm/ai-gateway-pro/Chart.yaml",
      "sha256": "cac047d2128c01b6966051affce801ca0188214bac36f779cebf889daa7af5e8",
      "size": 51
    },
    {
      "path": "infrastructure/kubernetes/helm/ai-gateway-pro/templates/configmap.yaml",
      "sha256": "ea9af5479e953278a77e71f60ee573246ca4de5f53f0a2300c50bd802e49431d",
      "size": 128
    },
    {
      "path": "infrastructure/kubernetes/helm/ai-gateway-pro/templates/deployment.yaml",
      "sha256": "1daefd12ab6995b3e9e770f2afd0cf592367fafc170383f81026c8355d43bdd3",
      "size": 1608
    },
    {
      "path": "infrastructure/kubernetes/helm/ai-gateway-pro/templates/hpa.yaml",
      "sha256": "a8a592a8a8027b074f575acd60c4b66ebb1f72cb65339d1698247bb1f98248ae",
      "size": 362
    },
    {
      "path": "infrastructure/kubernetes/helm/ai-gateway-pro/templates/ingress.yaml",
      "sha256": "e1c6d50eaea287e86e248aa5aa2c17b1d2282c6098d1d5386e7c977acc5ac59e",
      "size": 428
    },
    {
      "path": "infrastructure/kubernetes/helm/ai-gateway-pro/templates/pdb.yaml",
      "sha256": "b4f63d2a820834265c1a5d6e3e055bf1e27d74c7ee3e563324488ef64c267ee4",
      "size": 160
    },
    {
      "path": "infrastructure/kubernetes/helm/ai-gateway-pro/templates/secrets.yaml",
      "sha256": "84055140381c59d828cf3d5acf5b67229da40faa80b5a502480bf94e1729e907",
      "size": 154
    },
    {
      "path": "infrastructure/kubernetes/helm/ai-gateway-pro/templates/service.yaml",
      "sha256": "9a5f384b6ad097800380dda8b3f9637fa3870c0062ffb23ca9cd482e94a3f494",
      "size": 258
    },
    {
      "path": "infrastructure/kubernetes/helm/ai-gateway-pro/templates/servicemonitor.yaml",
      "sha256": "0f60882f667ba49e1475ca6d0adb8916d60c5f776c207d416a608b2a927d633c",
      "size": 284
    },
    {
      "path": "infrastructure/kubernetes/helm/ai-gateway-pro/values.yaml",
      "sha256": "5be843e6d74ca1bdb9205644a45bb146f864d202783207f3d3fcc6085526ccd8",
      "size": 582
    },
    {
      "path": "infrastructure/kubernetes/helm/api-gateway/Chart.yaml",
      "sha256": "eeb176b27b6b21bbf12b360a676e0ec92dbee2149c5387b383b93cc89b68f8b3",
      "size": 48
    },
    {
      "path": "infrastructure/kubernetes/helm/api-gateway/templates/configmap.yaml",
      "sha256": "fc06650dd8b0a4b00b47f91dc164c7f3b6ca22d1bf2b07a25c0dcfd316eed3ed",
      "size": 125
    },
    {
      "path": "infrastructure/kubernetes/helm/api-gateway/templates/deployment.yaml",
      "sha256": "af7f6965851201ef6967cfc4166f16614622ee71d7811bf65c2c12df071889e3",
      "size": 1593
    },
    {
      "path": "infrastructure/kubernetes/helm/api-gateway/templates/hpa.yaml",
      "sha256": "2ffb3df6926e6dc6a7060ce54710c4eb9a5ab418ad819e323b19a42bbde5d72c",
      "size": 356
    },
    {
      "path": "infrastructure/kubernetes/helm/api-gateway/templates/ingress.yaml",
      "sha256": "1304920808cfdd6412d178b8519b902b61d81a92a5665596da68e2a5da78f400",
      "size": 419
    },
    {
      "path": "infrastructure/kubernetes/helm/api-gateway/templates/pdb.yaml",
      "sha256": "6ccd92434ecc39ad8f1645d2896a72ca7254d3f5e40b51b546b329689370c62c",
      "size": 154
    },
    {
      "path": "infrastructure/kubernetes/helm/api-gateway/templates/secrets.yaml",
      "sha256": "13d81331ff22c2fbdb38399889c4384e741dc1a163da3e445a54d2d38119c1c9",
      "size": 151
    },
    {
      "path": "infrastructure/kubernetes/helm/api-gateway/templates/service.yaml",
      "sha256": "ff92cba0bdc7d223cf73cee9738e3364571bf7740cbaac6692535b01282cd2f3",
      "size": 249
    },
    {
      "path": "infrastructure/kubernetes/helm/api-gateway/templates/servicemonitor.yaml",
      "sha256": "77042145e86505cb7900c88140961e3d53cf6fa1d2dbd6dfacc65e8e67029ab1",
      "size": 278
    },
    {
      "path": "infrastructure/kubernetes/helm/api-gateway/values.yaml",
      "sha256": "cbbdcec204ee70a0863f672fe7d5eaa147a7b12eec5ce13e41e4e9815171da83",
      "size": 573
    },
    {
      "path": "infrastructure/kubernetes/helm/auth-service/Chart.yaml",
      "sha256": "199b4341baf094a2fe5dc3ab58144c0db60880210be80e76409b9ad990e8c974",
      "size": 49
    },
    {
      "path": "infrastructure/kubernetes/helm/auth-service/templates/configmap.yaml",
      "sha256": "fcf5a3e3fc634fa37914c2b2bbb7441369c1c4dd8ffca5b13c4394d4e4db7b78",
      "size": 126
    },
    {
      "path": "infrastructure/kubernetes/helm/auth-service/templates/deployment.yaml",
      "sha256": "666ba6709b9eef05e7520cd00b79d5622d4f6d4d1c9af1b1660c66ce6c8e8c33",
      "size": 1598
    },
    {
      "path": "infrastructure/kubernetes/helm/auth-service/templates/hpa.yaml",
      "sha256": "47c5292163b0bc80fd189a6add49b0bbd09576d10c2d2f977c1895b8875e4c6c",
      "size": 358
    },
    {
      "path": "infrastructure/kubernetes/helm/auth-service/templates/ingress.yaml",
      "sha256": "666503df639877541ed1932521769d77e94e64e010fa99038d1eda87a384abe3",
      "size": 422
    },
    {
      "path": "infrastructure/kubernetes/helm/auth-service/templates/pdb.yaml",
      "sha256": "a7f3509bef293d02acaac245e2503ef186104d52f17fa3ec0bc63c0da5525a62",
      "size": 156
    },
    {
      "path": "infrastructure/kubernetes/helm/auth-service/templates/secrets.yaml",
      "sha256": "f744d27a92e6e359f1850c29c47f9f305aba92623deb8f7939877b148f55cac0",
      "size": 152
    },
    {
      "path": "infrastructure/kubernetes/helm/auth-service/templates/service.yaml",
      "sha256": "83cd407a119eda0d7e38f0eae1720d16bfe60cf16c7097734001e52a8f8e9b84",
      "size": 252
    },
    {
      "path": "infrastructure/kubernetes/helm/auth-service/templates/servicemonitor.yaml",
      "sha256": "840f11621a9847f098254c7eeda9cb8d9a87f0140a0f012506cd734e99f2481b",
      "size": 280
    },
    {
      "path": "infrastructure/kubernetes/helm/auth-service/values.yaml",
      "sha256": "9cf87cdae08350ed7f69aa99495961805bd11d66cc44024c1a750c193a43181d",
      "size": 576
    },
    {
      "path": "infrastructure/kubernetes/helm/billing-service/Chart.yaml",
      "sha256": "30ce2e604a0be76538381f74cea11b7ce37fee2fe8d6bf66df60f64e0e2a7fc1",
      "size": 52
    },
    {
      "path": "infrastructure/kubernetes/helm/billing-service/templates/configmap.yaml",
      "sha256": "98205a3d8a09bf996d325471ae1e129a1b9a6ff5d38d0f4a58656409b6f07fcf",
      "size": 129
    },
    {
      "path": "infrastructure/kubernetes/helm/billing-service/templates/deployment.yaml",
      "sha256": "fcfb642d18c6f7b482fa9d6ad9ec79b1448936dde132b75b88d332ce5dd51f1f",
      "size": 1613
    },
    {
      "path": "infrastructure/kubernetes/helm/billing-service/templates/hpa.yaml",
      "sha256": "04c7c2718ad08d6d9060f1c33a9379d4418c6e10d7e70edfd1a81937032edc41",
      "size": 364
    },
    {
      "path": "infrastructure/kubernetes/helm/billing-service/templates/ingress.yaml",
      "sha256": "d7de5e40aead4abeed4869be5037ad4366f8469537377905ab0ee589e74cff63",
      "size": 431
    },
    {
      "path": "infrastructure/kubernetes/helm/billing-service/templates/pdb.yaml",
      "sha256": "c3064d3f63007e2b04dd2bf149f5185db8e96580bb31c4b706c4b2f4ed2960ef",
      "size": 162
    },
    {
      "path": "infrastructure/kubernetes/helm/billing-service/templates/secrets.yaml",
      "sha256": "bd2477d940681c570c7b16218e574c764346564796195855463918817c8dd6c4",
      "size": 155
    },
    {
      "path": "infrastructure/kubernetes/helm/billing-service/templates/service.yaml",
      "sha256": "885a93076cbe19b3ea66dda9d3e039ec9a762a4f4215d9cc6565442449f5a566",
      "size": 261
    },
    {
      "path": "infrastructure/kubernetes/helm/billing-service/templates/servicemonitor.yaml",
      "sha256": "c7ba28f47faabc475c118eb4ff5463e116f3825b886077f39c5bd10356b638d5",
      "size": 286
    },
    {
      "path": "infrastructure/kubernetes/helm/billing-service/values.yaml",
      "sha256": "46f88b18047273a2b30ce69db3a1d78562a455eb3eb96bac1ce8d790c9968dac",
      "size": 585
    },
    {
      "path": "infrastructure/kubernetes/helm/ble-recovery-kit/Chart.yaml",
      "sha256": "95a328bb013135d4c9b0a32124b4925cdcdbdb4aee55706bb31be34ea3389f9c",
      "size": 53
    },
    {
      "path": "infrastructure/kubernetes/helm/ble-recovery-kit/templates/configmap.yaml",
      "sha256": "3574749bbaa8325f03006ad620a9dd403c394b19fbf7c77290e60df0ddc789e3",
      "size": 130
    },
    {
      "path": "infrastructure/kubernetes/helm/ble-recovery-kit/templates/deployment.yaml",
      "sha256": "8d7728bcc1a211ff87e0c8d1f7b635a05af3d3ddea611363a0e4d88fdc63f410",
      "size": 1618
    },
    {
      "path": "infrastructure/kubernetes/helm/ble-recovery-kit/templates/hpa.yaml",
      "sha256": "5fce6922e3c21641027bcbee0d6f9fa7564f5ba262ee72dab1cb9969ce056066",
      "size": 366
    },
    {
      "path": "infrastructure/kubernetes/helm/ble-recovery-kit/templates/ingress.yaml",
      "sha256": "5450a97cb969453eb7e1c1c38a6f7d61392ab16a2294e61ac16df40097d7fb9d",
      "size": 434
    },
    {
      "path": "infrastructure/kubernetes/helm/ble-recovery-kit/templates/pdb.yaml",
      "sha256": "eeb8b9f640109830778cc4f55f766f5a8eb162ba159580603d497864298ee517",
      "size": 164
    },
    {
      "path": "infrastructure/kubernetes/helm/ble-recovery-kit/templates/secrets.yaml",
      "sha256": "3a0182a797d9b3a568b109b079d4123fa0f94bbca2ddd45897e93a6c5c71a72c",
      "size": 156
    },
    {
      "path": "infrastructure/kubernetes/helm/ble-recovery-kit/templates/service.yaml",
      "sha256": "d879c5b48246c1676e7d833394aecdae1f0d10da2b3fc07487a0967b87790eba",
      "size": 264
    },
    {
      "path": "infrastructure/kubernetes/helm/ble-recovery-kit/templates/servicemonitor.yaml",
      "sha256": "b6f72d4520bfade19a3180505c2d07100878792168051ff69abdf43f5b50af8e",
      "size": 288
    },
    {
      "path": "infrastructure/kubernetes/helm/ble-recovery-kit/values.yaml",
      "sha256": "d758968c00e0edb2e65b7edeb4d7487a828826eefa05d54cdc6d35d0afbc2f5e",
      "size": 588
    },
    {
      "path": "infrastructure/kubernetes/helm/content-service/Chart.yaml",
      "sha256": "1deed07851b4472c4e9b626a236f18036bfe962297041c1216afe645c545def1",
      "size": 52
    },
    {
      "path": "infrastructure/kubernetes/helm/content-service/templates/configmap.yaml",
      "sha256": "ba51b6ca53fb800f4210f31c2e7ac771befdb26376bddbe3f4f28a9767b7248b",
      "size": 129
    },
    {
      "path": "infrastructure/kubernetes/helm/content-service/templates/deployment.yaml",
      "sha256": "ead8dc523806f085fb1a3030e3bba21b3b240cc494c0edd7d595acb94cdbd4e3",
      "size": 1613
    },
    {
      "path": "infrastructure/kubernetes/helm/content-service/templates/hpa.yaml",
      "sha256": "4c2c4df2e0f4d1f4444cddc07121b92c124ab993c1c5b52ebb85af6cacf06d5a",
      "size": 364
    },
    {
      "path": "infrastructure/kubernetes/helm/content-service/templates/ingress.yaml",
      "sha256": "e352a1e1a1822418b3cf36d288ee2cac2e3e11e6a5b3c379ffe9471553b5455a",
      "size": 431
    },
    {
      "path": "infrastructure/kubernetes/helm/content-service/templates/pdb.yaml",
      "sha256": "d17553a692797a1c42c832f83a80f0368f5c37dccc5e1c6c5589b194e7b91ca4",
      "size": 162
    },
    {
      "path": "infrastructure/kubernetes/helm/content-service/templates/secrets.yaml",
      "sha256": "3c836ccb8471fd73594a20631c9e4aaf4c9736c10dacfbb806c6d01e5e7c0cc4",
      "size": 155
    },
    {
      "path": "infrastructure/kubernetes/helm/content-service/templates/service.yaml",
      "sha256": "64c831659fd4e34e969b8eb1a58fe997d6a9db0b03ebffde32e530f4f8253188",
      "size": 261
    },
    {
      "path": "infrastructure/kubernetes/helm/content-service/templates/servicemonitor.yaml",
      "sha256": "6789b7f0def9ca2c3e971db38fecfd3f39abaf972f2bbba04b85b37fd98613c6",
      "size": 286
    },
    {
      "path": "infrastructure/kubernetes/helm/content-service/values.yaml",
      "sha256": "ab365e8dd67862724cfe5f0b654130b2985fe82cab2ec1ee480f1610afce9636",
      "size": 585
    },
    {
      "path": "infrastructure/kubernetes/helm/control-nexus/Chart.yaml",
      "sha256": "397118c31df6b8cb1252d3d0e13c082bcb7a92e4f78a87463f11105b970a85ed",
      "size": 50
    },
    {
      "path": "infrastructure/kubernetes/helm/control-nexus/templates/configmap.yaml",
      "sha256": "050a51355bc3943041e138de2728e8a04ec3b7c9e4231b7e37018e3a158bce64",
      "size": 127
    },
    {
      "path": "infrastructure/kubernetes/helm/control-nexus/templates/deployment.yaml",
      "sha256": "602ebd747f43b7ded531e3f6893bc78578eae4595fb49bf06eae6724efa989f1",
      "size": 1603
    },
    {
      "path": "infrastructure/kubernetes/helm/control-nexus/templates/hpa.yaml",
      "sha256": "b1f54f663868db7f69c301269bd531e63171f5bcf4ff61bc9a2f644f5a3b5190",
      "size": 360
    },
    {
      "path": "infrastructure/kubernetes/helm/control-nexus/templates/ingress.yaml",
      "sha256": "6b8a0dd0078f9abd78b46c6de790f0fe5f180ee1f4c0fad13e22e1b123417cf6",
      "size": 425
    },
    {
      "path": "infrastructure/kubernetes/helm/control-nexus/templates/pdb.yaml",
      "sha256": "6091d949b3b95ff7900852691287917fc438f87f645b90cbb8a06d2d9d966964",
      "size": 158
    },
    {
      "path": "infrastructure/kubernetes/helm/control-nexus/templates/secrets.yaml",
      "sha256": "3cb946df3d63fa9bf6a1330a8f033de853a5513af50212a6a2eae47d94a5eb51",
      "size": 153
    },
    {
      "path": "infrastructure/kubernetes/helm/control-nexus/templates/service.yaml",
      "sha256": "9b023fd501e6d922fdb6be583ea37393b5db36384337f37d4705bd67e4a15573",
      "size": 255
    },
    {
      "path": "infrastructure/kubernetes/helm/control-nexus/templates/servicemonitor.yaml",
      "sha256": "9723b1afa68681d06523548c68438f656c27ebeb60ab89aaada6d42b87528ffa",
      "size": 282
    },
    {
      "path": "infrastructure/kubernetes/helm/control-nexus/values.yaml",
      "sha256": "568f94c721f427b91528668f0aa7761d90785918385c08d27da2b9268e61ed58",
      "size": 579
    },
    {
      "path": "infrastructure/kubernetes/helm/file-service/Chart.yaml",
      "sha256": "adab2c71ba97eeeff9f1442f87b93e701335d3d0518a02f7d74c7be2742aec5c",
      "size": 49
    },
    {
      "path": "infrastructure/kubernetes/helm/file-service/templates/configmap.yaml",
      "sha256": "9cc7680d57d6dc76400ecb3d6841c14acf3f2387b3c05e3145c5673b3c77dac7",
      "size": 126
    },
    {
      "path": "infrastructure/kubernetes/helm/file-service/templates/deployment.yaml",
      "sha256": "77f7979eb391ddbf21de0710f8ab153db0a475244f798a2816c3cda1491a9012",
      "size": 1598
    },
    {
      "path": "infrastructure/kubernetes/helm/file-service/templates/hpa.yaml",
      "sha256": "fea1dd108d17e777323d2d12c23456d6e300a5cf6eb3786ce8baeb798e7ed983",
      "size": 358
    },
    {
      "path": "infrastructure/kubernetes/helm/file-service/templates/ingress.yaml",
      "sha256": "d672c8e41d3b3f4afd38ff57b686ee7ef2acd3bd65ec3f75a9f949895304ca83",
      "size": 422
    },
    {
      "path": "infrastructure/kubernetes/helm/file-service/templates/pdb.yaml",
      "sha256": "4e6daa26d50e0633d2671b41a0b21bcaf6f804720560a957dc2b5b472ceafd8b",
      "size": 156
    },
    {
      "path": "infrastructure/kubernetes/helm/file-service/templates/secrets.yaml",
      "sha256": "436b50773a5825d876ae5b355e4be239b8d86a248b183a5046f881d3896a0234",
      "size": 152
    },
    {
      "path": "infrastructure/kubernetes/helm/file-service/templates/service.yaml",
      "sha256": "9f351d043ae7071c9a229f3b00a4653d66274e63e654cb4712f019b94e61e5be",
      "size": 252
    },
    {
      "path": "infrastructure/kubernetes/helm/file-service/templates/servicemonitor.yaml",
      "sha256": "1d8e48b19c27c871caec53551e0f232c9f0a6b7d27a41a3aa0a681bbff680d32",
      "size": 280
    },
    {
      "path": "infrastructure/kubernetes/helm/file-service/values.yaml",
      "sha256": "db6d4036bebd9009418c9a10b5843ff98fcc7196326e367d1d43bb595cf8c8f1",
      "size": 576
    },
    {
      "path": "infrastructure/kubernetes/helm/finder/Chart.yaml",
      "sha256": "15b242f8c1bb74a160dc01227e1d9d7787b22199018bdb27d8b82b5536bde15c",
      "size": 43
    },
    {
      "path": "infrastructure/kubernetes/helm/finder/templates/configmap.yaml",
      "sha256": "1f4b54e66d9a9b54f928141b61fc109e2ba0795e583ba78153ac3d63707a1db9",
      "size": 120
    },
    {
      "path": "infrastructure/kubernetes/helm/finder/templates/deployment.yaml",
      "sha256": "66db53a8976c81a7867fa498c175b13aff4cb7f1ec091084185484c37e2389c0",
      "size": 1568
    },
    {
      "path": "infrastructure/kubernetes/helm/finder/templates/hpa.yaml",
      "sha256": "2bf63197e0f1c3a11732e7ec6cf388b7c1ea1a104301aea36ad462f697eb180c",
      "size": 346
    },
    {
      "path": "infrastructure/kubernetes/helm/finder/templates/ingress.yaml",
      "sha256": "6eb51595be225c7036fc536f5e41bddab764418a3d00dab839e52ce380c848fd",
      "size": 404
    },
    {
      "path": "infrastructure/kubernetes/helm/finder/templates/pdb.yaml",
      "sha256": "35397ab4b42c2440750359d83f74c60ddbd34d6b979add0a6af1c6d85910265d",
      "size": 144
    },
    {
      "path": "infrastructure/kubernetes/helm/finder/templates/secrets.yaml",
      "sha256": "3f87559c888b7e9d84221c43cc9a6beb0e2b18293a1043c00a3bec0f203696f6",
      "size": 146
    },
    {
      "path": "infrastructure/kubernetes/helm/finder/templates/service.yaml",
      "sha256": "cea695e5bfb05b0754ee73cf1638161d061f5b8f0f0e14d0c8abc4c5bc6294d9",
      "size": 234
    },
    {
      "path": "infrastructure/kubernetes/helm/finder/templates/servicemonitor.yaml",
      "sha256": "6cf423df0d56e263288da7af154b4a4940710a5dcc11b7ed6f5426e1847aad5e",
      "size": 268
    },
    {
      "path": "infrastructure/kubernetes/helm/finder/values.yaml",
      "sha256": "e9c2d2726bcbfbef60a045fd74e844b0b7846749b3e620f9edd80111d6ae7b44",
      "size": 558
    },
    {
      "path": "infrastructure/kubernetes/helm/hal-core/Chart.yaml",
      "sha256": "79acf9582acc6ad696cd16f3ecf5aede967e8cf43c55352be4ac6c0757bf0b35",
      "size": 45
    },
    {
      "path": "infrastructure/kubernetes/helm/hal-core/templates/configmap.yaml",
      "sha256": "a7c956204c75515ede70ea88a126b04a7c458d4837cb6d78dea573177cca316b",
      "size": 122
    },
    {
      "path": "infrastructure/kubernetes/helm/hal-core/templates/deployment.yaml",
      "sha256": "67a35eaa4a3b5e331ee756f6faace1d016dd34cdb063f29f04bf368970a0b05b",
      "size": 1578
    },
    {
      "path": "infrastructure/kubernetes/helm/hal-core/templates/hpa.yaml",
      "sha256": "53a78a57c056ad83a369cb05945f1a3083e9ccc2cea0793c754c044e28bd171b",
      "size": 350
    },
    {
      "path": "infrastructure/kubernetes/helm/hal-core/templates/ingress.yaml",
      "sha256": "7765b142491c4d066a2bc601554100ee68034b782d8627d4f48e57a03427fb8e",
      "size": 410
    },
    {
      "path": "infrastructure/kubernetes/helm/hal-core/templates/pdb.yaml",
      "sha256": "ff3e9eef1be13b2a5f75fc0e7dd6751c1aef549e378d17a503530cd5b39a72fe",
      "size": 148
    },
    {
      "path": "infrastructure/kubernetes/helm/hal-core/templates/secrets.yaml",
      "sha256": "019abb3b2adcf393f7d809057f439831ff9f39150696af8c67112a3c02aa57aa",
      "size": 148
    },
    {
      "path": "infrastructure/kubernetes/helm/hal-core/templates/service.yaml",
      "sha256": "1d7b50da112d243fc9cf67660df7f0e8667e7f8bcc8644e5fcc6d67d9974651e",
      "size": 240
    },
    {
      "path": "infrastructure/kubernetes/helm/hal-core/templates/servicemonitor.yaml",
      "sha256": "83754e37dc48ffa696caf2435d21d590d8e290906489be8feaeb08ec29578327",
      "size": 272
    },
    {
      "path": "infrastructure/kubernetes/helm/hal-core/values.yaml",
      "sha256": "efa66a7cb32779c0394e86953310d823ce3fb81810ce568b29fcdf74ced989af",
      "size": 564
    },
    {
      "path": "infrastructure/kubernetes/helm/job-runner/Chart.yaml",
      "sha256": "b3e276b22789f2666cc4ea5a0b98e861d772a2616a3560d40136809d5ce3591f",
      "size": 47
    },
    {
      "path": "infrastructure/kubernetes/helm/job-runner/templates/configmap.yaml",
      "sha256": "d54a3dc025a4569fd6c6317ce360857caeaddfb131a9ec23a7dd68bc2dae557b",
      "size": 124
    },
    {
      "path": "infrastructure/kubernetes/helm/job-runner/templates/deployment.yaml",
      "sha256": "e2d2f8556da45fc4078376866e7c4a771ff623b6ca34cea855883734ffcd1a6c",
      "size": 1588
    },
    {
      "path": "infrastructure/kubernetes/helm/job-runner/templates/hpa.yaml",
      "sha256": "b21f378a68185c7aa5013fab3f0046a84aa30bd8063b3a6b6cb9c92cf6f02aca",
      "size": 354
    },
    {
      "path": "infrastructure/kubernetes/helm/job-runner/templates/ingress.yaml",
      "sha256": "ea17b337618af3e8712e8ed714fa50db1c4b5b086212548cce9154eb86e51d68",
      "size": 416
    },
    {
      "path": "infrastructure/kubernetes/helm/job-runner/templates/pdb.yaml",
      "sha256": "f793dd15683dac17da877852c2d786d7e0a2465b2761f3a0e927152070ec2770",
      "size": 152
    },
    {
      "path": "infrastructure/kubernetes/helm/job-runner/templates/secrets.yaml",
      "sha256": "347dc0f5273da210188d90b066ab619b62c822af0367a0bf12e85c447fed80fb",
      "size": 150
    },
    {
      "path": "infrastructure/kubernetes/helm/job-runner/templates/service.yaml",
      "sha256": "7bac0e657e7dc190555b5ff009602177990e2ee057f6a356aa9814607e9b672c",
      "size": 246
    },
    {
      "path": "infrastructure/kubernetes/helm/job-runner/templates/servicemonitor.yaml",
      "sha256": "33bd80e0d8ed3263b5bf867b1dfbb33258db8dbb892c2637322a3c40cb4d49b0",
      "size": 276
    },
    {
      "path": "infrastructure/kubernetes/helm/job-runner/values.yaml",
      "sha256": "7e9ad830db72029a4b9561556fa22e56f126bc4d682328d3f82d67ba8baf5e19",
      "size": 570
    },
    {
      "path": "infrastructure/kubernetes/helm/metrics-service/Chart.yaml",
      "sha256": "665c5265a91fedd4c4d00fbc3e8ab07ed0f75fe080f1314347f1433a97dafe8a",
      "size": 52
    },
    {
      "path": "infrastructure/kubernetes/helm/metrics-service/templates/configmap.yaml",
      "sha256": "9b1e2cf215387e3c47371de3c105a8a9c28fcfb5a5aad91ee4c0f892fc59f8eb",
      "size": 129
    },
    {
      "path": "infrastructure/kubernetes/helm/metrics-service/templates/deployment.yaml",
      "sha256": "6a7032c617247ffab8bd8df5c0c01b8794fcf3835923c3610e186f9bc5672ee7",
      "size": 1613
    },
    {
      "path": "infrastructure/kubernetes/helm/metrics-service/templates/hpa.yaml",
      "sha256": "9049b421d2df1f85142531804eff8a86577f04ba6bf249f63896fc18212a6aff",
      "size": 364
    },
    {
      "path": "infrastructure/kubernetes/helm/metrics-service/templates/ingress.yaml",
      "sha256": "88ef152e5db36d1e148355b07b2ad04d16145c46ae44a6cb6b8d1061c18b9609",
      "size": 431
    },
    {
      "path": "infrastructure/kubernetes/helm/metrics-service/templates/pdb.yaml",
      "sha256": "70cb9eeb29f919a826b4ab7f2e1da5f40fa593c45880aba6d5b8eff89c3b72ac",
      "size": 162
    },
    {
      "path": "infrastructure/kubernetes/helm/metrics-service/templates/secrets.yaml",
      "sha256": "c312459ddc5e6e2b2bcaeb1210977b293e183ae7fe1a4824415ef0e125e7af4a",
      "size": 155
    },
    {
      "path": "infrastructure/kubernetes/helm/metrics-service/templates/service.yaml",
      "sha256": "2078b8c4102c0c1b4bacd75faa13a8fde559e8a9ae88090d7626c08cc4c7cf1c",
      "size": 261
    },
    {
      "path": "infrastructure/kubernetes/helm/metrics-service/templates/servicemonitor.yaml",
      "sha256": "1eb3671344ee048374f2cc46e19f5f85353cfb76ed2746ec53df4c07997478a6",
      "size": 286
    },
    {
      "path": "infrastructure/kubernetes/helm/metrics-service/values.yaml",
      "sha256": "76aec4c3936a65cdbf1b85aa1b998c14f94f64bab409292eeab028a1af61ee78",
      "size": 585
    },
    {
      "path": "infrastructure/kubernetes/helm/notification-service/Chart.yaml",
      "sha256": "f18111999c7b2395e9a90bee0712590e831d804a99da80713d7d136263c7b237",
      "size": 57
    },
    {
      "path": "infrastructure/kubernetes/helm/notification-service/templates/configmap.yaml",
      "sha256": "ef805d424c61ee51808fc88869376be1aa3d85f570955f5aba10d506df98903c",
      "size": 134
    },
    {
      "path": "infrastructure/kubernetes/helm/notification-service/templates/deployment.yaml",
      "sha256": "b7c7030fd242d23d0f4c5d6da0c699bc3873709a609b774cc918959fd4d0ab24",
      "size": 1638
    },
    {
      "path": "infrastructure/kubernetes/helm/notification-service/templates/hpa.yaml",
      "sha256": "1baa7013016e08efc62fde45eec8067cdd244e657479b95111a300cb88ebf983",
      "size": 374
    },
    {
      "path": "infrastructure/kubernetes/helm/notification-service/templates/ingress.yaml",
      "sha256": "b131cb6b8236f206b55064ef82592b3630bdfd0b8a12d5837c04c5913b839532",
      "size": 446
    },
    {
      "path": "infrastructure/kubernetes/helm/notification-service/templates/pdb.yaml",
      "sha256": "6bd139ad3bf58c9186d922702848cf27b60f7e2065e86d839f4c0af8184c1610",
      "size": 172
    },
    {
      "path": "infrastructure/kubernetes/helm/notification-service/templates/secrets.yaml",
      "sha256": "82376642e9422c049f3773fab604fe0e489c2b62f114969d4fad28cdfa3ff66f",
      "size": 160
    },
    {
      "path": "infrastructure/kubernetes/helm/notification-service/templates/service.yaml",
      "sha256": "4e69c3523aa62aa3329b43c54e41d449c5d752bd2ae194b2efcf4b74b91e9081",
      "size": 276
    },
    {
      "path": "infrastructure/kubernetes/helm/notification-service/templates/servicemonitor.yaml",
      "sha256": "80b7fd142f3b21edb88386ebb35fede4c20b3e2dede831b739b336bedc9aa318",
      "size": 296
    },
    {
      "path": "infrastructure/kubernetes/helm/notification-service/values.yaml",
      "sha256": "609ff934deb67ab5f86d6ca07020b24669bb8ffb814cf59c3ebd2b0b031b2a21",
      "size": 600
    },
    {
      "path": "infrastructure/kubernetes/helm/orion/Chart.yaml",
      "sha256": "c3a4c3e596877b4a944d1d24ee0f0bb483c255fa6e464e18899d63a1c7973a8c",
      "size": 42
    },
    {
      "path": "infrastructure/kubernetes/helm/orion/templates/configmap.yaml",
      "sha256": "2abc4af9e60203a9cbf6bc1c0b38c3059483b782f4c1d590f247ca965738fef2",
      "size": 119
    },
    {
      "path": "infrastructure/kubernetes/helm/orion/templates/deployment.yaml",
      "sha256": "e9044249aaa294e4fd68686631d2b3715727757b12ee8ca8b917265aa959b409",
      "size": 1563
    },
    {
      "path": "infrastructure/kubernetes/helm/orion/templates/hpa.yaml",
      "sha256": "ffe6804391f848828aa37c53672436ad7f5174731e549d78bdcea37de040841e",
      "size": 344
    },
    {
      "path": "infrastructure/kubernetes/helm/orion/templates/ingress.yaml",
      "sha256": "d07ec1578d8830461873e083973083f8b7bff975629e795f3fe775e39fc4e562",
      "size": 401
    },
    {
      "path": "infrastructure/kubernetes/helm/orion/templates/pdb.yaml",
      "sha256": "cace8fdaeb9a974ec057664e2a9cf20ac77b81eea46a3e6d5af51bcea28fccc2",
      "size": 142
    },
    {
      "path": "infrastructure/kubernetes/helm/orion/templates/secrets.yaml",
      "sha256": "b11c954ade0baff83ab87d45935fbe90b7feff9586e234634ef32de8884d7c36",
      "size": 145
    },
    {
      "path": "infrastructure/kubernetes/helm/orion/templates/service.yaml",
      "sha256": "ce0d0f194e8933596bfab66a2b07fef24f9eca33d28debe595d41de747b413bc",
      "size": 231
    },
    {
      "path": "infrastructure/kubernetes/helm/orion/templates/servicemonitor.yaml",
      "sha256": "6ceabbf4f4bb1e391fa9ea4002f5cd52cfa1140209183be5b44528d8f1cdc525",
      "size": 266
    },
    {
      "path": "infrastructure/kubernetes/helm/orion/values.yaml",
      "sha256": "feaeeb88c54470c4e6879e2014c28929c1f2665866645d4311edb9c129988ee9",
      "size": 555
    },
    {
      "path": "infrastructure/kubernetes/helm/phos/Chart.yaml",
      "sha256": "6a1cfe65db5c999509d2c0b9f197500b8eeb85a4cbd356e8cf925314a99b7e45",
      "size": 41
    },
    {
      "path": "infrastructure/kubernetes/helm/phos/templates/configmap.yaml",
      "sha256": "a16618f21d1778fb147861e28c77ce691d8dd14d4d54f3a9f970a58c5a737306",
      "size": 118
    },
    {
      "path": "infrastructure/kubernetes/helm/phos/templates/deployment.yaml",
      "sha256": "f388808577edcc0e856ef64c62de8abfa9b21c51c61e20b75830b7a770370510",
      "size": 1558
    },
    {
      "path": "infrastructure/kubernetes/helm/phos/templates/hpa.yaml",
      "sha256": "cc008e0142746226c49724c444941568cefd56a9c644cf69cc660278e57101ca",
      "size": 342
    },
    {
      "path": "infrastructure/kubernetes/helm/phos/templates/ingress.yaml",
      "sha256": "307bfe45ced4d948d20c73c65444f4031c90e28ce75cff113e8d0e660797de5b",
      "size": 398
    },
    {
      "path": "infrastructure/kubernetes/helm/phos/templates/pdb.yaml",
      "sha256": "bc814760916739c302711f9373c0300698f62f5673b86114d85354d686244180",
      "size": 140
    },
    {
      "path": "infrastructure/kubernetes/helm/phos/templates/secrets.yaml",
      "sha256": "23fe514e4cd1799a97cfc820b376d3bc35a814672791e962ef71dc027c549b3d",
      "size": 144
    },
    {
      "path": "infrastructure/kubernetes/helm/phos/templates/service.yaml",
      "sha256": "e70e7089ee5a174d04c4443643c23252c92a3dca38cfe1b90275892f1a48ac94",
      "size": 228
    },
    {
      "path": "infrastructure/kubernetes/helm/phos/templates/servicemonitor.yaml",
      "sha256": "3015de423e365914703dfa4cb54554b369cb6cc94a01e551b2031b50b8722272",
      "size": 264
    },
    {
      "path": "infrastructure/kubernetes/helm/phos/values.yaml",
      "sha256": "37de83b4d58287da4d405c8af721ac735425c8ec1bc393d5581dfb4d73d3ea2b",
      "size": 552
    },
    {
      "path": "infrastructure/kubernetes/helm/rag-indexer/Chart.yaml",
      "sha256": "1e4379baebf04490d7273f0efaa92dc36c676164365f19949b3cc6ae47c0cd00",
      "size": 48
    },
    {
      "path": "infrastructure/kubernetes/helm/rag-indexer/templates/configmap.yaml",
      "sha256": "5c19c464a77a9bf39cd4a322f9a24b12c787ed2ebbab8d9320b58606db5d8a4e",
      "size": 125
    },
    {
      "path": "infrastructure/kubernetes/helm/rag-indexer/templates/deployment.yaml",
      "sha256": "c9c60a364a55665cd35aac0500234da719ba7d950a7b5b373359309d22f3a0f5",
      "size": 1593
    },
    {
      "path": "infrastructure/kubernetes/helm/rag-indexer/templates/hpa.yaml",
      "sha256": "33c05f99d5bbaec9b5250e63b25e65acdb2b713060e02ba39e6d44ecc45e129b",
      "size": 356
    },
    {
      "path": "infrastructure/kubernetes/helm/rag-indexer/templates/ingress.yaml",
      "sha256": "4857c54c50170463a919238b85d761f93556d9879766868e0ad5e0377487c196",
      "size": 419
    },
    {
      "path": "infrastructure/kubernetes/helm/rag-indexer/templates/pdb.yaml",
      "sha256": "2360a816b19b6fc88cdb3d97c0dccb864913109802ece07bf7de4672d2205da7",
      "size": 154
    },
    {
      "path": "infrastructure/kubernetes/helm/rag-indexer/templates/secrets.yaml",
      "sha256": "c144b9b29c8e98bb97c80b9a728a1da7d5ff82eb30764cb80d5928b655d771ad",
      "size": 151
    },
    {
      "path": "infrastructure/kubernetes/helm/rag-indexer/templates/service.yaml",
      "sha256": "6436e4728d0f34e49f843587b902ef8ee0bf62456fd2a92e76e4b1e91a7f2df1",
      "size": 249
    },
    {
      "path": "infrastructure/kubernetes/helm/rag-indexer/templates/servicemonitor.yaml",
      "sha256": "fcb6ab39471bbf2e0d8dccf7bf88c64d7ae6355027ecd932a1b6638693172f31",
      "size": 278
    },
    {
      "path": "infrastructure/kubernetes/helm/rag-indexer/values.yaml",
      "sha256": "fd759fbb9f57b77f773d6384c73a888abe3d4d82844c75a12dbc272a4fe24d8b",
      "size": 573
    },
    {
      "path": "infrastructure/kubernetes/helm/search-service/Chart.yaml",
      "sha256": "b37f6766e9bb2321dfd702051a40f727d772cf1dcc511934deac77cff5a125ef",
      "size": 51
    },
    {
      "path": "infrastructure/kubernetes/helm/search-service/templates/configmap.yaml",
      "sha256": "31b4b5d7930ca5e2cd438c7ad5534c87214dee1ebdeab6219a74509612ce1592",
      "size": 128
    },
    {
      "path": "infrastructure/kubernetes/helm/search-service/templates/deployment.yaml",
      "sha256": "0c9ae18897ec0f2a33a370710d93f52659d8d9b9ae6e14655b5e55d5316698a7",
      "size": 1608
    },
    {
      "path": "infrastructure/kubernetes/helm/search-service/templates/hpa.yaml",
      "sha256": "9c9a2f3ed4bf06ef43beade8ed48e6a3db229ee6ceef254331fbbc6682ba99d1",
      "size": 362
    },
    {
      "path": "infrastructure/kubernetes/helm/search-service/templates/ingress.yaml",
      "sha256": "e61f8e6f69301e3c2837b3b5ff7b77b36bf4ed9e368c2099a711ec6475be1178",
      "size": 428
    },
    {
      "path": "infrastructure/kubernetes/helm/search-service/templates/pdb.yaml",
      "sha256": "fd3249812d15cb986b33cf824045de4cd1a063db7822aa1e3c83f31d9e49cd82",
      "size": 160
    },
    {
      "path": "infrastructure/kubernetes/helm/search-service/templates/secrets.yaml",
      "sha256": "89075a78761c7dd82e8683b3f9b02dfeabb3445d62e47274c91138e38922ab24",
      "size": 154
    },
    {
      "path": "infrastructure/kubernetes/helm/search-service/templates/service.yaml",
      "sha256": "512455b00691b85848dbf0c86e6b4bd7f1cc9cd99499ce0215a18c19ed922045",
      "size": 258
    },
    {
      "path": "infrastructure/kubernetes/helm/search-service/templates/servicemonitor.yaml",
      "sha256": "c4d131f90a91311407e53c145f3ecdc28d883faee7621a708cb754b3e7c5d6a4",
      "size": 284
    },
    {
      "path": "infrastructure/kubernetes/helm/search-service/values.yaml",
      "sha256": "b1a8e7da8491eca40618aa46d5af961cc1382f4f07daf26e22974c774f530daf",
      "size": 582
    },
    {
      "path": "infrastructure/kubernetes/helm/secret-manager/Chart.yaml",
      "sha256": "6232b591db61be7cc47ac8b6b817ecff2706659258f01d4dd3908d4954d2b334",
      "size": 51
    },
    {
      "path": "infrastructure/kubernetes/helm/secret-manager/templates/configmap.yaml",
      "sha256": "ef49159cfe43587db42a7dccaec3ccc859b5d15b98a5e9d5ff6260e6d24f31b2",
      "size": 128
    },
    {
      "path": "infrastructure/kubernetes/helm/secret-manager/templates/deployment.yaml",
      "sha256": "9623360dd38b11e08952945055af0f719d9629b9a0de1c31103bc3fa874c0e4c",
      "size": 1608
    },
    {
      "path": "infrastructure/kubernetes/helm/secret-manager/templates/hpa.yaml",
      "sha256": "59fadb58d2dadc1eefabc854ca11b470a41fdef702fb551dd6fef01f737b73b2",
      "size": 362
    },
    {
      "path": "infrastructure/kubernetes/helm/secret-manager/templates/ingress.yaml",
      "sha256": "f61daafa96c3e518f3b4d4fd31bd5a453ecb26ef2a59978ac9559eab0488fd16",
      "size": 428
    },
    {
      "path": "infrastructure/kubernetes/helm/secret-manager/templates/pdb.yaml",
      "sha256": "a927f6eb3bad900a02817c1487405ae772ef9d9a606b1a637c12a9d16f066d9f",
      "size": 160
    },
    {
      "path": "infrastructure/kubernetes/helm/secret-manager/templates/secrets.yaml",
      "sha256": "c1d8937f5752ba3f6b587db249a62a351ee686e5d6b20771e23d19dcf58a0b61",
      "size": 154
    },
    {
      "path": "infrastructure/kubernetes/helm/secret-manager/templates/service.yaml",
      "sha256": "a5f06442fc0627eb1b518987ff47e1ed6ae182bb23c374ff64196d295bfc0c83",
      "size": 258
    },
    {
      "path": "infrastructure/kubernetes/helm/secret-manager/templates/servicemonitor.yaml",
      "sha256": "f71c4cacdbfed171becd6017a8f819333e2b2d16c2b77331a87005ee718b89c4",
      "size": 284
    },
    {
      "path": "infrastructure/kubernetes/helm/secret-manager/values.yaml",
      "sha256": "49e74cc1ceb29f71d8790d023f1953379b31cde3369064cdc8774223270c252c",
      "size": 582
    },
    {
      "path": "infrastructure/kubernetes/helm/skywalk/Chart.yaml",
      "sha256": "2c987e9880fe4c8afae45f65347050709fe561acdc7157cac14ed42029c20cc8",
      "size": 44
    },
    {
      "path": "infrastructure/kubernetes/helm/skywalk/templates/configmap.yaml",
      "sha256": "045810f224442afa4e37e0af5fc1eb4235be6c596621c3a6fc11d7d6378a8919",
      "size": 121
    },
    {
      "path": "infrastructure/kubernetes/helm/skywalk/templates/deployment.yaml",
      "sha256": "d0b1fac3a3514bcba3fead6fbe325b3e8d53a6719bc564651381ae3bda14175e",
      "size": 1573
    },
    {
      "path": "infrastructure/kubernetes/helm/skywalk/templates/hpa.yaml",
      "sha256": "b121301826a9ba96eef0aee32ab6b32697f9dd2f8752bd93a8016ce9f273838d",
      "size": 348
    },
    {
      "path": "infrastructure/kubernetes/helm/skywalk/templates/ingress.yaml",
      "sha256": "23ef23bffd6ae9447cd38200fa09484bbef363477c49656c3011d3c32e55a7b8",
      "size": 407
    },
    {
      "path": "infrastructure/kubernetes/helm/skywalk/templates/pdb.yaml",
      "sha256": "76d69ae1d9451e35beff63376e70f81bc46357d86f1a90340869fedf6273bb83",
      "size": 146
    },
    {
      "path": "infrastructure/kubernetes/helm/skywalk/templates/secrets.yaml",
      "sha256": "8f5b3ffd7042a1fbdbd351f8256af774e7aae18762141a4debf2313e38981959",
      "size": 147
    },
    {
      "path": "infrastructure/kubernetes/helm/skywalk/templates/service.yaml",
      "sha256": "1f29eba643997dd3ff68b6afb02c2a11856c215cabeb0b2902acc093de0bbb20",
      "size": 237
    },
    {
      "path": "infrastructure/kubernetes/helm/skywalk/templates/servicemonitor.yaml",
      "sha256": "18ba0c2476b66310a0d1cad8190e260dce175495dc6e3c047c21d55a6b2deec5",
      "size": 270
    },
    {
      "path": "infrastructure/kubernetes/helm/skywalk/values.yaml",
      "sha256": "d2fed408e37439862cc6ad0eb406e3a558a0196c77c739f4e73b90cbfd1a80b7",
      "size": 561
    },
    {
      "path": "infrastructure/kubernetes/helm/user-service/Chart.yaml",
      "sha256": "7da5cf3e2b7957e64a0c9641e7ecd67b362e89fc16d67aa7b59c1f34629b4f18",
      "size": 49
    },
    {
      "path": "infrastructure/kubernetes/helm/user-service/templates/configmap.yaml",
      "sha256": "37a36f136d75105c978c3a28f0a92f2b8bdf5675052b8339aab86ba11165adb9",
      "size": 126
    },
    {
      "path": "infrastructure/kubernetes/helm/user-service/templates/deployment.yaml",
      "sha256": "18a3e63f732b52d8f319c2ee9d56f2da3b0f31f3e258beadc2055f325b78802c",
      "size": 1598
    },
    {
      "path": "infrastructure/kubernetes/helm/user-service/templates/hpa.yaml",
      "sha256": "b88ba3defb4f1b455ac0cef1c7e0813f2037aa8f8d7cdc3bdfd7f0f065d666f1",
      "size": 358
    },
    {
      "path": "infrastructure/kubernetes/helm/user-service/templates/ingress.yaml",
      "sha256": "5a7ffa3bfd3d594c48226cdcbd526614a4d14d0b9a4b4898d69bdf7fe48a1390",
      "size": 422
    },
    {
      "path": "infrastructure/kubernetes/helm/user-service/templates/pdb.yaml",
      "sha256": "b5e0368c6e70ebd0f8783ddcdbe54c71c0e3321194d7bd7681014c1c41e95428",
      "size": 156
    },
    {
      "path": "infrastructure/kubernetes/helm/user-service/templates/secrets.yaml",
      "sha256": "5cc9688cfb8a1483d6d145268269be0ad453e9e5feaea8746612b0895d6687a6",
      "size": 152
    },
    {
      "path": "infrastructure/kubernetes/helm/user-service/templates/service.yaml",
      "sha256": "4e20f61520b469be49fafe0ee928ea2f813a5ba329ab8bde9f63e636b1374c97",
      "size": 252
    },
    {
      "path": "infrastructure/kubernetes/helm/user-service/templates/servicemonitor.yaml",
      "sha256": "448ea82d161a90733a0571562a1f2ff78b04f2d453a733658ecbc74ddb6b0b51",
      "size": 280
    },
    {
      "path": "infrastructure/kubernetes/helm/user-service/values.yaml",
      "sha256": "d5dd04b259360972da696f613e5dcde5e06b422851f41a1a797dbad90e7f3167",
      "size": 576
    },
    {
      "path": "infrastructure/kubernetes/helm/vaulttime/Chart.yaml",
      "sha256": "050e88053d86dc1fc19e8c08c01b1165968eda2377c15eee0c657321579d47cd",
      "size": 46
    },
    {
      "path": "infrastructure/kubernetes/helm/vaulttime/templates/configmap.yaml",
      "sha256": "d83bcfe2aba6568d97987ba498a92bb120a34d0fb3d5dc7f419c12e18b2600ff",
      "size": 123
    },
    {
      "path": "infrastructure/kubernetes/helm/vaulttime/templates/deployment.yaml",
      "sha256": "cc99fcb9ccd61a35aed087b647d4d2e34ca6b221857f978b508c43766bcf3aed",
      "size": 1583
    },
    {
      "path": "infrastructure/kubernetes/helm/vaulttime/templates/hpa.yaml",
      "sha256": "98f0baaff156c15b942a248c584573778a788b3a1f4f3ff7c17857fc15075e22",
      "size": 352
    },
    {
      "path": "infrastructure/kubernetes/helm/vaulttime/templates/ingress.yaml",
      "sha256": "21b450aa6dd8dda989e45c7c007405c10ba1ac625e25912d32a91a1f10e2fc55",
      "size": 413
    },
    {
      "path": "infrastructure/kubernetes/helm/vaulttime/templates/pdb.yaml",
      "sha256": "a937af2cf841539424b5aa29d0858f56551c5f506322c5360067aacc66a0f713",
      "size": 150
    },
    {
      "path": "infrastructure/kubernetes/helm/vaulttime/templates/secrets.yaml",
      "sha256": "cabe0f6716aea0590df109b26e0b810cb761aa0bb39b525d8a6920ecec357e52",
      "size": 149
    },
    {
      "path": "infrastructure/kubernetes/helm/vaulttime/templates/service.yaml",
      "sha256": "23983aee332ae8fac9b0c9e87be76c3101da9ae6557cde6bcda3c8652ebdd8a1",
      "size": 243
    },
    {
      "path": "infrastructure/kubernetes/helm/vaulttime/templates/servicemonitor.yaml",
      "sha256": "f5dd5a6aa489b6ea5b8bacf3ed9b45c7fa6764cbde99e7e288b3f93963124019",
      "size": 274
    },
    {
      "path": "infrastructure/kubernetes/helm/vaulttime/values.yaml",
      "sha256": "981738d43da79c32890c89a95970c10947bad195a7d3e5b13a760caa8d8a0d99",
      "size": 567
    },
    {
      "path": "infrastructure/kubernetes/helm/vector-service/Chart.yaml",
      "sha256": "b303b2f5896507c2e2bef0070881752ecae7015909620a37c603cad18573e8ad",
      "size": 51
    },
    {
      "path": "infrastructure/kubernetes/helm/vector-service/templates/configmap.yaml",
      "sha256": "bc2723375055e0f78b321207bf6c2f65fff3bcde52d810206796187a2f645589",
      "size": 128
    },
    {
      "path": "infrastructure/kubernetes/helm/vector-service/templates/deployment.yaml",
      "sha256": "baab16d331c64105bd7613074e326005c9f7a9f321ea566f66f62470c5c9c341",
      "size": 1608
    },
    {
      "path": "infrastructure/kubernetes/helm/vector-service/templates/hpa.yaml",
      "sha256": "4ebb867fb347c192693860741598c30b2f3ca6d8c9a802d74623e5cbdd17a356",
      "size": 362
    },
    {
      "path": "infrastructure/kubernetes/helm/vector-service/templates/ingress.yaml",
      "sha256": "f6f122622b5896d7e3a7c9837b4a2efe654a4f0c7e9a4d37229115b6f1398bd8",
      "size": 428
    },
    {
      "path": "infrastructure/kubernetes/helm/vector-service/templates/pdb.yaml",
      "sha256": "b6f666ee96a1d06f7e54ef35545b1ac85caff07b4b478fce92d6e6490e2ce128",
      "size": 160
    },
    {
      "path": "infrastructure/kubernetes/helm/vector-service/templates/secrets.yaml",
      "sha256": "cbaced4307f9746f2891b19a73e21e39a0c383fc8af7c77cfe50cee326dc6ca3",
      "size": 154
    },
    {
      "path": "infrastructure/kubernetes/helm/vector-service/templates/service.yaml",
      "sha256": "98b7e0612e37807d44854d9119dba0c806a4a8b6522c58bd90b345a444d7fd83",
      "size": 258
    },
    {
      "path": "infrastructure/kubernetes/helm/vector-service/templates/servicemonitor.yaml",
      "sha256": "e8abbd91b7987f902e12faec31f8278bbfbbe5e10e754be5e171edf442b7a3eb",
      "size": 284
    },
    {
      "path": "infrastructure/kubernetes/helm/vector-service/values.yaml",
      "sha256": "79be778b84d9ea0b1e3657a851805e971809460961710124662343394eec95ae",
      "size": 582
    },
    {
      "path": "infrastructure/kubernetes/helm/wardog/Chart.yaml",
      "sha256": "f2ff8af4a522c9fd79a2178427025d475e0123071b19d9d272cdff8b173af05c",
      "size": 43
    },
    {
      "path": "infrastructure/kubernetes/helm/wardog/templates/configmap.yaml",
      "sha256": "3c9860af6e073555aa504ce869520263c634b0ac18329edd343b2e2d14446425",
      "size": 120
    },
    {
      "path": "infrastructure/kubernetes/helm/wardog/templates/deployment.yaml",
      "sha256": "9bfef44364630df7795924b669a64cff76959aab123b66eede107a1bfd16b212",
      "size": 1568
    },
    {
      "path": "infrastructure/kubernetes/helm/wardog/templates/hpa.yaml",
      "sha256": "866fe36e6004693a358bb6429068dbeb3927a223c50e95fd57328e8724aa9fed",
      "size": 346
    },
    {
      "path": "infrastructure/kubernetes/helm/wardog/templates/ingress.yaml",
      "sha256": "bdc8ecf8d2dd2de699daf2e8512918e12eed9527d46ba6803451cbd70591ebd3",
      "size": 404
    },
    {
      "path": "infrastructure/kubernetes/helm/wardog/templates/pdb.yaml",
      "sha256": "3076bf602efe04dab39ede6191cdde05587c4b721f5fb7314ed56117505ddf24",
      "size": 144
    },
    {
      "path": "infrastructure/kubernetes/helm/wardog/templates/secrets.yaml",
      "sha256": "793a7d6741bc1fd32f090e1bd4144468a60234bff4d86867f3ae1495f3d80308",
      "size": 146
    },
    {
      "path": "infrastructure/kubernetes/helm/wardog/templates/service.yaml",
      "sha256": "62f2eef91bccb2e616f4836725f86fa67e3d7803da55d94e298d1029a1a75cd0",
      "size": 234
    },
    {
      "path": "infrastructure/kubernetes/helm/wardog/templates/servicemonitor.yaml",
      "sha256": "5fda73625977251ba2091ebf9792a023a21d815b033417826aef8572fdd993a7",
      "size": 268
    },
    {
      "path": "infrastructure/kubernetes/helm/wardog/values.yaml",
      "sha256": "7145408816b0db4bce580ccf5f3a642dde5cb00d5628076479912aac72d43513",
      "size": 558
    },
    {
      "path": "infrastructure/kubernetes/helm/wish-upon-a-star/Chart.yaml",
      "sha256": "d49fd738fbbda70199edb025f1755819321ca0a743638f756a28d3da0de2ef73",
      "size": 53
    },
    {
      "path": "infrastructure/kubernetes/helm/wish-upon-a-star/templates/configmap.yaml",
      "sha256": "bc474d1238bfc7dbbeb2006192e96f391f28ad053f70b2a65c033b5a9ebf56b7",
      "size": 130
    },
    {
      "path": "infrastructure/kubernetes/helm/wish-upon-a-star/templates/deployment.yaml",
      "sha256": "5d856df689419f04ce5db8b000c9c94bf1b75ab781902447c3c8343158654b3f",
      "size": 1618
    },
    {
      "path": "infrastructure/kubernetes/helm/wish-upon-a-star/templates/hpa.yaml",
      "sha256": "cae6b62665a510b155f9880b341748f7531b0c9529dbc272a30466dedc1eed67",
      "size": 366
    },
    {
      "path": "infrastructure/kubernetes/helm/wish-upon-a-star/templates/ingress.yaml",
      "sha256": "ea7518c7d2416bb8d495a6b66fa04f239bcf1bbb9a9b3db21a120c7dd19725e3",
      "size": 434
    },
    {
      "path": "infrastructure/kubernetes/helm/wish-upon-a-star/templates/pdb.yaml",
      "sha256": "a2aa3011a69a0231de23ed612c2db96cad234bb19765fb5f7ee1b17a4e5858f3",
      "size": 164
    },
    {
      "path": "infrastructure/kubernetes/helm/wish-upon-a-star/templates/secrets.yaml",
      "sha256": "7647eac2419dff4a968d990f6e89471b2122ffc804f5cf1f847971d30a8f34c6",
      "size": 156
    },
    {
      "path": "infrastructure/kubernetes/helm/wish-upon-a-star/templates/service.yaml",
      "sha256": "1bb107073e91e37a90a84d33218992a6ce61df02ffbbaa3d5d72ea5b289b679e",
      "size": 264
    },
    {
      "path": "infrastructure/kubernetes/helm/wish-upon-a-star/templates/servicemonitor.yaml",
      "sha256": "4a68c71d30bf49672e18f47972a7900a89cb9423da173807d99114930b8a120e",
      "size": 288
    },
    {
      "path": "infrastructure/kubernetes/helm/wish-upon-a-star/values.yaml",
      "sha256": "0b401a2904d704a99c3c0ab8e5cc32ae7865deec1b0fa1efb05451fc8085bba5",
      "size": 588
    },
    {
      "path": "infrastructure/terraform/aws/envs/dev/main.tf",
      "sha256": "b115a5e911126c6bc4852c9481383d3b68c17d421b5410806ddc75430e4575b6",
      "size": 15
    },
    {
      "path": "infrastructure/terraform/aws/envs/dev/terraform.tfvars",
      "sha256": "41983bdc26c8d6da6bd7380dde574951d9d1f7de6c624c637ba2aad3d6f6b3fc",
      "size": 18
    },
    {
      "path": "infrastructure/terraform/aws/envs/prod/main.tf",
      "sha256": "d370dc56ee5275e644eead2e16432fd4229ca1ea2668f20af2cbde475b11e214",
      "size": 16
    },
    {
      "path": "infrastructure/terraform/aws/envs/prod/terraform.tfvars",
      "sha256": "524060af089436a9a181df55641f5f68c2883839a00829bf0b1070077a0eba02",
      "size": 19
    },
    {
      "path": "infrastructure/terraform/aws/envs/staging/main.tf",
      "sha256": "06c06c2c61ac2f25f10acdcbd51d59f375fca44f463097fd4060bc333019c7d5",
      "size": 19
    },
    {
      "path": "infrastructure/terraform/aws/envs/staging/terraform.tfvars",
      "sha256": "b47dac0e2ee7f7e028b8f45946a8a4aa05feebbc2b9929cdabf6c2c923e76843",
      "size": 22
    },
    {
      "path": "infrastructure/terraform/azurerm/envs/dev/main.tf",
      "sha256": "8bf13d3852da3bd28b1eff449c5ddc8725b80be6e7c173d0b676a46af52df21a",
      "size": 19
    },
    {
      "path": "infrastructure/terraform/azurerm/envs/dev/terraform.tfvars",
      "sha256": "41983bdc26c8d6da6bd7380dde574951d9d1f7de6c624c637ba2aad3d6f6b3fc",
      "size": 18
    },
    {
      "path": "infrastructure/terraform/azurerm/envs/prod/main.tf",
      "sha256": "fb9c34601c46ee39d1bf627e1b83118f7e521bc65dca79f84f645487c64e3cff",
      "size": 20
    },
    {
      "path": "infrastructure/terraform/azurerm/envs/prod/terraform.tfvars",
      "sha256": "524060af089436a9a181df55641f5f68c2883839a00829bf0b1070077a0eba02",
      "size": 19
    },
    {
      "path": "infrastructure/terraform/azurerm/envs/staging/main.tf",
      "sha256": "e08cf822bd8768a5fdb1a266745b25ee8b68701cf50fa47f415bff0379732126",
      "size": 23
    },
    {
      "path": "infrastructure/terraform/azurerm/envs/staging/terraform.tfvars",
      "sha256": "b47dac0e2ee7f7e028b8f45946a8a4aa05feebbc2b9929cdabf6c2c923e76843",
      "size": 22
    },
    {
      "path": "infrastructure/terraform/cloudflare/envs/dev/main.tf",
      "sha256": "c05c50f15cf722e034e627e7a43739fa1af650fb2f624247daf3a1cb0a1c8cda",
      "size": 22
    },
    {
      "path": "infrastructure/terraform/cloudflare/envs/dev/terraform.tfvars",
      "sha256": "41983bdc26c8d6da6bd7380dde574951d9d1f7de6c624c637ba2aad3d6f6b3fc",
      "size": 18
    },
    {
      "path": "infrastructure/terraform/cloudflare/envs/prod/main.tf",
      "sha256": "fb1e358ebe77e44226be19114bb0ef006c2c5a092c15d46523a4a1cc5836f7e7",
      "size": 23
    },
    {
      "path": "infrastructure/terraform/cloudflare/envs/prod/terraform.tfvars",
      "sha256": "524060af089436a9a181df55641f5f68c2883839a00829bf0b1070077a0eba02",
      "size": 19
    },
    {
      "path": "infrastructure/terraform/cloudflare/envs/staging/main.tf",
      "sha256": "dd6a013cd0628982f037a38f46c70410addd481705ab9a8e249ede8461b6240b",
      "size": 26
    },
    {
      "path": "infrastructure/terraform/cloudflare/envs/staging/terraform.tfvars",
      "sha256": "b47dac0e2ee7f7e028b8f45946a8a4aa05feebbc2b9929cdabf6c2c923e76843",
      "size": 22
    },
    {
      "path": "infrastructure/terraform/google/envs/dev/main.tf",
      "sha256": "f349b2b7f296de9ec1aa35551b9af8b484de43729a43183ba6b57461e83a151a",
      "size": 18
    },
    {
      "path": "infrastructure/terraform/google/envs/dev/terraform.tfvars",
      "sha256": "41983bdc26c8d6da6bd7380dde574951d9d1f7de6c624c637ba2aad3d6f6b3fc",
      "size": 18
    },
    {
      "path": "infrastructure/terraform/google/envs/prod/main.tf",
      "sha256": "7d418910d211ec8164d587fc9b2e78bad37c38ba82240e946a7b5e3fc8e53fb1",
      "size": 19
    },
    {
      "path": "infrastructure/terraform/google/envs/prod/terraform.tfvars",
      "sha256": "524060af089436a9a181df55641f5f68c2883839a00829bf0b1070077a0eba02",
      "size": 19
    },
    {
      "path": "infrastructure/terraform/google/envs/staging/main.tf",
      "sha256": "4877344bce4204134f2a9b3469a035cf63df293fb95028d7853ae2290e277fc3",
      "size": 22
    },
    {
      "path": "infrastructure/terraform/google/envs/staging/terraform.tfvars",
      "sha256": "b47dac0e2ee7f7e028b8f45946a8a4aa05feebbc2b9929cdabf6c2c923e76843",
      "size": 22
    },
    {
      "path": "infrastructure/terraform/kubernetes/envs/dev/main.tf",
      "sha256": "3bfd5cb9d05b16c2b0b0db9ae7b4acbd3e4ca265364ea2dae4197c63245182fc",
      "size": 22
    },
    {
      "path": "infrastructure/terraform/kubernetes/envs/dev/terraform.tfvars",
      "sha256": "41983bdc26c8d6da6bd7380dde574951d9d1f7de6c624c637ba2aad3d6f6b3fc",
      "size": 18
    },
    {
      "path": "infrastructure/terraform/kubernetes/envs/prod/main.tf",
      "sha256": "404f0d10a286c949c389641807c70ca9d243a018dce8faef4146136c531c6859",
      "size": 23
    },
    {
      "path": "infrastructure/terraform/kubernetes/envs/prod/terraform.tfvars",
      "sha256": "524060af089436a9a181df55641f5f68c2883839a00829bf0b1070077a0eba02",
      "size": 19
    },
    {
      "path": "infrastructure/terraform/kubernetes/envs/staging/main.tf",
      "sha256": "401105f518658919c05126efd16b9dca5fb3a9562c2aae400013286031e68e04",
      "size": 26
    },
    {
      "path": "infrastructure/terraform/kubernetes/envs/staging/terraform.tfvars",
      "sha256": "b47dac0e2ee7f7e028b8f45946a8a4aa05feebbc2b9929cdabf6c2c923e76843",
      "size": 22
    },
    {
      "path": "legal/VAULTTIME-PRIVATE-v1.md",
      "sha256": "15f960d612c27c8e0e28980e1fa6d17599ebea49088c86295b975c2fdff45a9e",
      "size": 337
    },
    {
      "path": "observability/grafana/dashboards/apm.json",
      "sha256": "79b21882ecd84d83c65b140c80c79627683e658b54e24a70eebb53f6dc2359c3",
      "size": 457
    },
    {
      "path": "observability/grafana/dashboards/platinum-overview.json",
      "sha256": "753b0cd92da8493af55ddc1bf7ec34f6999bb0084628fb9f10ffbaad668d19bd",
      "size": 643
    },
    {
      "path": "observability/jaeger/config.yaml",
      "sha256": "949e3e05317bca7a74dee3334b16df0a264716db7ac7c9e17c94772078f612ea",
      "size": 113
    },
    {
      "path": "observability/loki/config.yaml",
      "sha256": "957f89bfd9b82a67d2ba952609aaca0ff01a20349ac1ce2731dfb73c0a2e4d41",
      "size": 493
    },
    {
      "path": "observability/opentelemetry/collector.yaml",
      "sha256": "bfb4151e2f91dbc0d2229667f06e1417e9201d0d7928abce6198f80098bfb069",
      "size": 552
    },
    {
      "path": "observability/prometheus/prometheus.yml",
      "sha256": "a17ff83a2482c71796d090b87576cb075633dc9470a651a14145b71028840e39",
      "size": 33
    },
    {
      "path": "observability/promtail/config.yaml",
      "sha256": "8cd37534972607002dad5a9667c76e83bd1522db41680b2f783183d23e0cc70c",
      "size": 370
    },
    {
      "path": "platform/package.json",
      "sha256": "2cc63f49707dae2d0e36167b1ea736205b38585d537df571cc982c7343123e58",
      "size": 94
    },
    {
      "path": "platform/pnpm-workspace.yaml",
      "sha256": "cb8ce3cbcb86af72216bb1858b988276acac0e2bfd25fc381bb08b1b02950c91",
      "size": 27
    },
    {
      "path": "platform/services/ai-gateway-pro/README.md",
      "sha256": "e5059fe5d26abee4d633440e5794338a5637f01617fbf8c243e8a3ecaca39bd2",
      "size": 17
    },
    {
      "path": "platform/services/api-gateway/.dockerignore",
      "sha256": "f742cb55c4d8da0c351b3d6d69306dcd622383cb65522aa2a62c1fd77bd43f41",
      "size": 87
    },
    {
      "path": "platform/services/api-gateway/Dockerfile",
      "sha256": "16b766fcb787d0d3ea902f50132ca4bf7ccb6a28c0feb778bea3a627023dca40",
      "size": 242
    },
    {
      "path": "platform/services/api-gateway/package.json",
      "sha256": "8990df2e34c81f98f7613f83e2a53fe5d15171aa0a1a92b2fbfa31211eee2370",
      "size": 181
    },
    {
      "path": "platform/services/api-gateway/src/main.js",
      "sha256": "709ecdf2aed0929d1e70ef84e2a925568b9c8a9f24a350bcd986bd52b1248806",
      "size": 140
    },
    {
      "path": "platform/services/auth-service/README.md",
      "sha256": "0054d554b8afec50834d8dafc92484be6fdaafb2b3fa48726c38167d36a7ac85",
      "size": 15
    },
    {
      "path": "platform/services/billing-service/README.md",
      "sha256": "72b93a5a498889af6dfb91aa8c6760d61ce001ca9a46a723dc4b198ee6905fe5",
      "size": 18
    },
    {
      "path": "platform/services/ble-recovery-kit/README.md",
      "sha256": "19b466b6778e54e17574e68c438760c629eaaf7a6e059a58fd44edb47abc285f",
      "size": 19
    },
    {
      "path": "platform/services/content-service/README.md",
      "sha256": "9a151e190f0c9f3dde095f7e5d7a944e088e586513e5ded7be2e8ae9a9088145",
      "size": 18
    },
    {
      "path": "platform/services/control-nexus/README.md",
      "sha256": "384e4fbeda32a2be257d220082573a3030d13a04e7d633fe5d68a8e222c95186",
      "size": 16
    },
    {
      "path": "platform/services/file-service/README.md",
      "sha256": "e90babc2e7042de95e509f42c7298b32b6a18d42882bca89bb8d324e978e4d3e",
      "size": 15
    },
    {
      "path": "platform/services/finder/README.md",
      "sha256": "d1fb739337ea621adf9cf8a4bb108fc333912ac3d61b993cd7379f10544d9408",
      "size": 9
    },
    {
      "path": "platform/services/hal-core/README.md",
      "sha256": "3d951303aa1c367735db3cb1843a2198897a3929a3f68507650c24e02a73c61e",
      "size": 11
    },
    {
      "path": "platform/services/job-runner/README.md",
      "sha256": "3c70ac063eb0054cd4c1b8c95204a88264ec1b20c2a590414e138cb1b9cd513f",
      "size": 13
    },
    {
      "path": "platform/services/metrics-service/README.md",
      "sha256": "4db0a1769eaea620bb7dc50dc69d7317411a3075120d0350b5f14157842acc33",
      "size": 18
    },
    {
      "path": "platform/services/notification-service/README.md",
      "sha256": "38bd65db404f3f05589ab5d5cb4087d931e99e3846f855685989eab3ee06d12b",
      "size": 23
    },
    {
      "path": "platform/services/orion/README.md",
      "sha256": "3d8f4570ca6fa8af1a2f8262b202f0ba256ba2c0ea8e8baeb4f9d511f7b9a8e7",
      "size": 8
    },
    {
      "path": "platform/services/phos/README.md",
      "sha256": "a00d902de91ce051956fc9189892ee8b26690553819bb00778cf588efa794486",
      "size": 7
    },
    {
      "path": "platform/services/rag-indexer/README.md",
      "sha256": "b6cb939d5e6d473ee159bab03968298958fc616cef85f8b4298cfded31bcd877",
      "size": 14
    },
    {
      "path": "platform/services/search-service/README.md",
      "sha256": "51b44cd22dcdcc4a6637f162aa70784aa1a90d5fd5971663f3147e1a974d4915",
      "size": 17
    },
    {
      "path": "platform/services/secret-manager/README.md",
      "sha256": "eba0923114e39a24937b492ba0a2646bbca7616052380472e364734b15297f2e",
      "size": 17
    },
    {
      "path": "platform/services/skywalk/README.md",
      "sha256": "b6dff67e2b6e9448d6e000a3bff8517c1fc5493d1e69286755d30d38c06334fe",
      "size": 10
    },
    {
      "path": "platform/services/user-service/README.md",
      "sha256": "24a887b66601e9b03caac81520347c0be19f232fbd95b28065ea7eae2ab8eb82",
      "size": 15
    },
    {
      "path": "platform/services/vaulttime/README.md",
      "sha256": "3bc9e6f60823536e021cad106976ccd52047bad0d8e580a2b44d31b166461b06",
      "size": 12
    },
    {
      "path": "platform/services/vector-service/.dockerignore",
      "sha256": "f742cb55c4d8da0c351b3d6d69306dcd622383cb65522aa2a62c1fd77bd43f41",
      "size": 87
    },
    {
      "path": "platform/services/vector-service/Dockerfile",
      "sha256": "2dd0484792a180bf3fcdfef5a6e40a38addbf87c04191e2be867f74499cbcab6",
      "size": 324
    },
    {
      "path": "platform/services/vector-service/pyproject.toml",
      "sha256": "8bbf103f763c1df12ae282f81df57605af965d286f7e3f1186123ba7d4a105f5",
      "size": 83
    },
    {
      "path": "platform/services/vector-service/src/main.py",
      "sha256": "ab7d1d21a743d7e3bb91452267e98bd1449182118b3e082cf0b626b7b5c59a09",
      "size": 95
    },
    {
      "path": "platform/services/wardog/README.md",
      "sha256": "a51388b9c1caec43f16a3dc04f6daa4fb99688aa368bb01bf464e100158014a4",
      "size": 9
    },
    {
      "path": "platform/services/wish-upon-a-star/README.md",
      "sha256": "55d78d584f9de4ebbb6c1dd1a1bda71f6838e2ce1cc376c898868e5440d3acb1",
      "size": 19
    },
    {
      "path": "platform/tsconfig.base.json",
      "sha256": "7143cdb6e3cd222bd457afcc57db6dacc42cc96c744dc63e1530bbd2c1f06829",
      "size": 53
    },
    {
      "path": "scripts/integrity.py",
      "sha256": "ada74eb022bf55ff2568cbf7a472d70b6d88d8298f75737af11cb51e58b933f5",
      "size": 738
    },
    {
      "path": "scripts/run_tests.sh",
      "sha256": "58f58d5836bea2b0676449fa2cfdaa23339381e7dda3d61a28e323359615d294",
      "size": 62
    },
    {
      "path": "scripts/sbom_generate.py",
      "sha256": "c41ef5bd5943ad51b267629f4bdbb06cfd53ad6b78ee8277f681528b78281c7a",
      "size": 606
    },
    {
      "path": "security/SECURITY_ARCHITECTURE.md",
      "sha256": "99783969a92dd6cf7b89af05b7986515c16469e8f69533a5faee74b1e054e9fa",
      "size": 24
    },
    {
      "path": "security/THREAT_MODEL.md",
      "sha256": "bc01e533be4b8e85747f560cc8f431fb608b31ec4e00a807dfdf34d7ec4fec1a",
      "size": 15
    },
    {
      "path": "security/compliance/SOC2.md",
      "sha256": "29398961b14599d2b5ca32cd18041466aa54b4c93986752841eaf17f2c493b8d",
      "size": 7
    },
    {
      "path": "templates/policy.yaml",
      "sha256": "f5bd77c3adb57fb2191d81a8586d20589933ef7a230f6fa9379eed761388062f",
      "size": 24
    },
    {
      "path": "tests/e2e.testplan.md",
      "sha256": "a099943f4e529b54ae0f380cf138317866d33f84cdc0ff5f09ee298bf8c23d6b",
      "size": 11
    }
  ]
}