{
  "bomFormat": "CycloneDX",
  "specVersion": "1.5",
  "version": 1,
  "components": [
    {
      "bom-ref": ".editorconfig",
      "type": "file",
      "name": ".editorconfig",
      "version": "1.0.0"
    },
    {
      "bom-ref": ".gitattributes",
      "type": "file",
      "name": ".gitattributes",
      "version": "1.0.0"
    },
    {
      "bom-ref": ".gitignore",
      "type": "file",
      "name": ".gitignore",
      "version": "1.0.0"
    },
    {
      "bom-ref": "CODEX_LOCK.md",
      "type": "file",
      "name": "CODEX_LOCK.md",
      "version": "1.0.0"
    },
    {
      "bom-ref": "CODE_OF_CONDUCT.md",
      "type": "file",
      "name": "CODE_OF_CONDUCT.md",
      "version": "1.0.0"
    },
    {
      "bom-ref": "CONTRIBUTING.md",
      "type": "file",
      "name": "CONTRIBUTING.md",
      "version": "1.0.0"
    },
    {
      "bom-ref": "LICENSE",
      "type": "file",
      "name": "LICENSE",
      "version": "1.0.0"
    },
    {
      "bom-ref": "MANIFEST.integrity.json",
      "type": "file",
      "name": "MANIFEST.integrity.json",
      "version": "1.0.0"
    },
    {
      "bom-ref": "NOTICE",
      "type": "file",
      "name": "NOTICE",
      "version": "1.0.0"
    },
    {
      "bom-ref": "OWNER.md",
      "type": "file",
      "name": "OWNER.md",
      "version": "1.0.0"
    },
    {
      "bom-ref": "README.md",
      "type": "file",
      "name": "README.md",
      "version": "1.0.0"
    },
    {
      "bom-ref": "SBOM.cycdx.json",
      "type": "file",
      "name": "SBOM.cycdx.json",
      "version": "1.0.0"
    },
    {
      "bom-ref": "SECURITY.md",
      "type": "file",
      "name": "SECURITY.md",
      "version": "1.0.0"
    },
    {
      "bom-ref": "VAULTTIME_SEAL.md",
      "type": "file",
      "name": "VAULTTIME_SEAL.md",
      "version": "1.0.0"
    },
    {
      "bom-ref": "apps/ai-gateway-pro/kong/declarative/kong.yaml",
      "type": "file",
      "name": "kong.yaml",
      "version": "1.0.0"
    },
    {
      "bom-ref": "apps/ai-gateway-pro/policies/default-policy.json",
      "type": "file",
      "name": "default-policy.json",
      "version": "1.0.0"
    },
    {
      "bom-ref": "apps/control-nexus/package.json",
      "type": "file",
      "name": "package.json",
      "version": "1.0.0"
    },
    {
      "bom-ref": "apps/control-nexus/web/next.config.js",
      "type": "file",
      "name": "next.config.js",
      "version": "1.0.0"
    },
    {
      "bom-ref": "apps/control-nexus/web/src/components/Dashboard/Dashboard.tsx",
      "type": "file",
      "name": "Dashboard.tsx",
      "version": "1.0.0"
    },
    {
      "bom-ref": "forge_zip.sh",
      "type": "file",
      "name": "forge_zip.sh",
      "version": "1.0.0"
    },
    {
      "bom-ref": "hal_forge",
      "type": "file",
      "name": "hal_forge",
      "version": "1.0.0"
    },
    {
      "bom-ref": "infrastructure/kubernetes/helm/ai-gateway-pro/Chart.yaml",
      "type": "file",
      "name": "Chart.yaml",
      "version": "1.0.0"
    },
    {
      "bom-ref": "infrastructure/kubernetes/helm/ai-gateway-pro/templates/configmap.yaml",
      "type": "file",
      "name": "configmap.yaml",
      "version": "1.0.0"
    },
    {
      "bom-ref": "infrastructure/kubernetes/helm/ai-gateway-pro/templates/deployment.yaml",
      "type": "file",
      "name": "deployment.yaml",
      "version": "1.0.0"
    },
    {
      "bom-ref": "infrastructure/kubernetes/helm/ai-gateway-pro/templates/hpa.yaml",
      "type": "file",
      "name": "hpa.yaml",
      "version": "1.0.0"
    },
    {
      "bom-ref": "infrastructure/kubernetes/helm/ai-gateway-pro/templates/ingress.yaml",
      "type": "file",
      "name": "ingress.yaml",
      "version": "1.0.0"
    },
    {
      "bom-ref": "infrastructure/kubernetes/helm/ai-gateway-pro/templates/pdb.yaml",
      "type": "file",
      "name": "pdb.yaml",
      "version": "1.0.0"
    },
    {
      "bom-ref": "infrastructure/kubernetes/helm/ai-gateway-pro/templates/secrets.yaml",
      "type": "file",
      "name": "secrets.yaml",
      "version": "1.0.0"
    },
    {
      "bom-ref": "infrastructure/kubernetes/helm/ai-gateway-pro/templates/service.yaml",
      "type": "file",
      "name": "service.yaml",
      "version": "1.0.0"
    },
    {
      "bom-ref": "infrastructure/kubernetes/helm/ai-gateway-pro/templates/servicemonitor.yaml",
      "type": "file",
      "name": "servicemonitor.yaml",
      "version": "1.0.0"
    },
    {
      "bom-ref": "infrastructure/kubernetes/helm/ai-gateway-pro/values.yaml",
      "type": "file",
      "name": "values.yaml",
      "version": "1.0.0"
    },
    {
      "bom-ref": "infrastructure/kubernetes/helm/api-gateway/Chart.yaml",
      "type": "file",
      "name": "Chart.yaml",
      "version": "1.0.0"
    },
    {
      "bom-ref": "infrastructure/kubernetes/helm/api-gateway/templates/configmap.yaml",
      "type": "file",
      "name": "configmap.yaml",
      "version": "1.0.0"
    },
    {
      "bom-ref": "infrastructure/kubernetes/helm/api-gateway/templates/deployment.yaml",
      "type": "file",
      "name": "deployment.yaml",
      "version": "1.0.0"
    },
    {
      "bom-ref": "infrastructure/kubernetes/helm/api-gateway/templates/hpa.yaml",
      "type": "file",
      "name": "hpa.yaml",
      "version": "1.0.0"
    },
    {
      "bom-ref": "infrastructure/kubernetes/helm/api-gateway/templates/ingress.yaml",
      "type": "file",
      "name": "ingress.yaml",
      "version": "1.0.0"
    },
    {
      "bom-ref": "infrastructure/kubernetes/helm/api-gateway/templates/pdb.yaml",
      "type": "file",
      "name": "pdb.yaml",
      "version": "1.0.0"
    },
    {
      "bom-ref": "infrastructure/kubernetes/helm/api-gateway/templates/secrets.yaml",
      "type": "file",
      "name": "secrets.yaml",
      "version": "1.0.0"
    },
    {
      "bom-ref": "infrastructure/kubernetes/helm/api-gateway/templates/service.yaml",
      "type": "file",
      "name": "service.yaml",
      "version": "1.0.0"
    },
    {
      "bom-ref": "infrastructure/kubernetes/helm/api-gateway/templates/servicemonitor.yaml",
      "type": "file",
      "name": "servicemonitor.yaml",
      "version": "1.0.0"
    },
    {
      "bom-ref": "infrastructure/kubernetes/helm/api-gateway/values.yaml",
      "type": "file",
      "name": "values.yaml",
      "version": "1.0.0"
    },
    {
      "bom-ref": "infrastructure/kubernetes/helm/auth-service/Chart.yaml",
      "type": "file",
      "name": "Chart.yaml",
      "version": "1.0.0"
    },
    {
      "bom-ref": "infrastructure/kubernetes/helm/auth-service/templates/configmap.yaml",
      "type": "file",
      "name": "configmap.yaml",
      "version": "1.0.0"
    },
    {
      "bom-ref": "infrastructure/kubernetes/helm/auth-service/templates/deployment.yaml",
      "type": "file",
      "name": "deployment.yaml",
      "version": "1.0.0"
    },
    {
      "bom-ref": "infrastructure/kubernetes/helm/auth-service/templates/hpa.yaml",
      "type": "file",
      "name": "hpa.yaml",
      "version": "1.0.0"
    },
    {
      "bom-ref": "infrastructure/kubernetes/helm/auth-service/templates/ingress.yaml",
      "type": "file",
      "name": "ingress.yaml",
      "version": "1.0.0"
    },
    {
      "bom-ref": "infrastructure/kubernetes/helm/auth-service/templates/pdb.yaml",
      "type": "file",
      "name": "pdb.yaml",
      "version": "1.0.0"
    },
    {
      "bom-ref": "infrastructure/kubernetes/helm/auth-service/templates/secrets.yaml",
      "type": "file",
      "name": "secrets.yaml",
      "version": "1.0.0"
    },
    {
      "bom-ref": "infrastructure/kubernetes/helm/auth-service/templates/service.yaml",
      "type": "file",
      "name": "service.yaml",
      "version": "1.0.0"
    },
    {
      "bom-ref": "infrastructure/kubernetes/helm/auth-service/templates/servicemonitor.yaml",
      "type": "file",
      "name": "servicemonitor.yaml",
      "version": "1.0.0"
    },
    {
      "bom-ref": "infrastructure/kubernetes/helm/auth-service/values.yaml",
      "type": "file",
      "name": "values.yaml",
      "version": "1.0.0"
    },
    {
      "bom-ref": "infrastructure/kubernetes/helm/billing-service/Chart.yaml",
      "type": "file",
      "name": "Chart.yaml",
      "version": "1.0.0"
    },
    {
      "bom-ref": "infrastructure/kubernetes/helm/billing-service/templates/configmap.yaml",
      "type": "file",
      "name": "configmap.yaml",
      "version": "1.0.0"
    },
    {
      "bom-ref": "infrastructure/kubernetes/helm/billing-service/templates/deployment.yaml",
      "type": "file",
      "name": "deployment.yaml",
      "version": "1.0.0"
    },
    {
      "bom-ref": "infrastructure/kubernetes/helm/billing-service/templates/hpa.yaml",
      "type": "file",
      "name": "hpa.yaml",
      "version": "1.0.0"
    },
    {
      "bom-ref": "infrastructure/kubernetes/helm/billing-service/templates/ingress.yaml",
      "type": "file",
      "name": "ingress.yaml",
      "version": "1.0.0"
    },
    {
      "bom-ref": "infrastructure/kubernetes/helm/billing-service/templates/pdb.yaml",
      "type": "file",
      "name": "pdb.yaml",
      "version": "1.0.0"
    },
    {
      "bom-ref": "infrastructure/kubernetes/helm/billing-service/templates/secrets.yaml",
      "type": "file",
      "name": "secrets.yaml",
      "version": "1.0.0"
    },
    {
      "bom-ref": "infrastructure/kubernetes/helm/billing-service/templates/service.yaml",
      "type": "file",
      "name": "service.yaml",
      "version": "1.0.0"
    },
    {
      "bom-ref": "infrastructure/kubernetes/helm/billing-service/templates/servicemonitor.yaml",
      "type": "file",
      "name": "servicemonitor.yaml",
      "version": "1.0.0"
    },
    {
      "bom-ref": "infrastructure/kubernetes/helm/billing-service/values.yaml",
      "type": "file",
      "name": "values.yaml",
      "version": "1.0.0"
    },
    {
      "bom-ref": "infrastructure/kubernetes/helm/ble-recovery-kit/Chart.yaml",
      "type": "file",
      "name": "Chart.yaml",
      "version": "1.0.0"
    },
    {
      "bom-ref": "infrastructure/kubernetes/helm/ble-recovery-kit/templates/configmap.yaml",
      "type": "file",
      "name": "configmap.yaml",
      "version": "1.0.0"
    },
    {
      "bom-ref": "infrastructure/kubernetes/helm/ble-recovery-kit/templates/deployment.yaml",
      "type": "file",
      "name": "deployment.yaml",
      "version": "1.0.0"
    },
    {
      "bom-ref": "infrastructure/kubernetes/helm/ble-recovery-kit/templates/hpa.yaml",
      "type": "file",
      "name": "hpa.yaml",
      "version": "1.0.0"
    },
    {
      "bom-ref": "infrastructure/kubernetes/helm/ble-recovery-kit/templates/ingress.yaml",
      "type": "file",
      "name": "ingress.yaml",
      "version": "1.0.0"
    },
    {
      "bom-ref": "infrastructure/kubernetes/helm/ble-recovery-kit/templates/pdb.yaml",
      "type": "file",
      "name": "pdb.yaml",
      "version": "1.0.0"
    },
    {
      "bom-ref": "infrastructure/kubernetes/helm/ble-recovery-kit/templates/secrets.yaml",
      "type": "file",
      "name": "secrets.yaml",
      "version": "1.0.0"
    },
    {
      "bom-ref": "infrastructure/kubernetes/helm/ble-recovery-kit/templates/service.yaml",
      "type": "file",
      "name": "service.yaml",
      "version": "1.0.0"
    },
    {
      "bom-ref": "infrastructure/kubernetes/helm/ble-recovery-kit/templates/servicemonitor.yaml",
      "type": "file",
      "name": "servicemonitor.yaml",
      "version": "1.0.0"
    },
    {
      "bom-ref": "infrastructure/kubernetes/helm/ble-recovery-kit/values.yaml",
      "type": "file",
      "name": "values.yaml",
      "version": "1.0.0"
    },
    {
      "bom-ref": "infrastructure/kubernetes/helm/content-service/Chart.yaml",
      "type": "file",
      "name": "Chart.yaml",
      "version": "1.0.0"
    },
    {
      "bom-ref": "infrastructure/kubernetes/helm/content-service/templates/configmap.yaml",
      "type": "file",
      "name": "configmap.yaml",
      "version": "1.0.0"
    },
    {
      "bom-ref": "infrastructure/kubernetes/helm/content-service/templates/deployment.yaml",
      "type": "file",
      "name": "deployment.yaml",
      "version": "1.0.0"
    },
    {
      "bom-ref": "infrastructure/kubernetes/helm/content-service/templates/hpa.yaml",
      "type": "file",
      "name": "hpa.yaml",
      "version": "1.0.0"
    },
    {
      "bom-ref": "infrastructure/kubernetes/helm/content-service/templates/ingress.yaml",
      "type": "file",
      "name": "ingress.yaml",
      "version": "1.0.0"
    },
    {
      "bom-ref": "infrastructure/kubernetes/helm/content-service/templates/pdb.yaml",
      "type": "file",
      "name": "pdb.yaml",
      "version": "1.0.0"
    },
    {
      "bom-ref": "infrastructure/kubernetes/helm/content-service/templates/secrets.yaml",
      "type": "file",
      "name": "secrets.yaml",
      "version": "1.0.0"
    },
    {
      "bom-ref": "infrastructure/kubernetes/helm/content-service/templates/service.yaml",
      "type": "file",
      "name": "service.yaml",
      "version": "1.0.0"
    },
    {
      "bom-ref": "infrastructure/kubernetes/helm/content-service/templates/servicemonitor.yaml",
      "type": "file",
      "name": "servicemonitor.yaml",
      "version": "1.0.0"
    },
    {
      "bom-ref": "infrastructure/kubernetes/helm/content-service/values.yaml",
      "type": "file",
      "name": "values.yaml",
      "version": "1.0.0"
    },
    {
      "bom-ref": "infrastructure/kubernetes/helm/control-nexus/Chart.yaml",
      "type": "file",
      "name": "Chart.yaml",
      "version": "1.0.0"
    },
    {
      "bom-ref": "infrastructure/kubernetes/helm/control-nexus/templates/configmap.yaml",
      "type": "file",
      "name": "configmap.yaml",
      "version": "1.0.0"
    },
    {
      "bom-ref": "infrastructure/kubernetes/helm/control-nexus/templates/deployment.yaml",
      "type": "file",
      "name": "deployment.yaml",
      "version": "1.0.0"
    },
    {
      "bom-ref": "infrastructure/kubernetes/helm/control-nexus/templates/hpa.yaml",
      "type": "file",
      "name": "hpa.yaml",
      "version": "1.0.0"
    },
    {
      "bom-ref": "infrastructure/kubernetes/helm/control-nexus/templates/ingress.yaml",
      "type": "file",
      "name": "ingress.yaml",
      "version": "1.0.0"
    },
    {
      "bom-ref": "infrastructure/kubernetes/helm/control-nexus/templates/pdb.yaml",
      "type": "file",
      "name": "pdb.yaml",
      "version": "1.0.0"
    },
    {
      "bom-ref": "infrastructure/kubernetes/helm/control-nexus/templates/secrets.yaml",
      "type": "file",
      "name": "secrets.yaml",
      "version": "1.0.0"
    },
    {
      "bom-ref": "infrastructure/kubernetes/helm/control-nexus/templates/service.yaml",
      "type": "file",
      "name": "service.yaml",
      "version": "1.0.0"
    },
    {
      "bom-ref": "infrastructure/kubernetes/helm/control-nexus/templates/servicemonitor.yaml",
      "type": "file",
      "name": "servicemonitor.yaml",
      "version": "1.0.0"
    },
    {
      "bom-ref": "infrastructure/kubernetes/helm/control-nexus/values.yaml",
      "type": "file",
      "name": "values.yaml",
      "version": "1.0.0"
    },
    {
      "bom-ref": "infrastructure/kubernetes/helm/file-service/Chart.yaml",
      "type": "file",
      "name": "Chart.yaml",
      "version": "1.0.0"
    },
    {
      "bom-ref": "infrastructure/kubernetes/helm/file-service/templates/configmap.yaml",
      "type": "file",
      "name": "configmap.yaml",
      "version": "1.0.0"
    },
    {
      "bom-ref": "infrastructure/kubernetes/helm/file-service/templates/deployment.yaml",
      "type": "file",
      "name": "deployment.yaml",
      "version": "1.0.0"
    },
    {
      "bom-ref": "infrastructure/kubernetes/helm/file-service/templates/hpa.yaml",
      "type": "file",
      "name": "hpa.yaml",
      "version": "1.0.0"
    },
    {
      "bom-ref": "infrastructure/kubernetes/helm/file-service/templates/ingress.yaml",
      "type": "file",
      "name": "ingress.yaml",
      "version": "1.0.0"
    },
    {
      "bom-ref": "infrastructure/kubernetes/helm/file-service/templates/pdb.yaml",
      "type": "file",
      "name": "pdb.yaml",
      "version": "1.0.0"
    },
    {
      "bom-ref": "infrastructure/kubernetes/helm/file-service/templates/secrets.yaml",
      "type": "file",
      "name": "secrets.yaml",
      "version": "1.0.0"
    },
    {
      "bom-ref": "infrastructure/kubernetes/helm/file-service/templates/service.yaml",
      "type": "file",
      "name": "service.yaml",
      "version": "1.0.0"
    },
    {
      "bom-ref": "infrastructure/kubernetes/helm/file-service/templates/servicemonitor.yaml",
      "type": "file",
      "name": "servicemonitor.yaml",
      "version": "1.0.0"
    },
    {
      "bom-ref": "infrastructure/kubernetes/helm/file-service/values.yaml",
      "type": "file",
      "name": "values.yaml",
      "version": "1.0.0"
    },
    {
      "bom-ref": "infrastructure/kubernetes/helm/finder/Chart.yaml",
      "type": "file",
      "name": "Chart.yaml",
      "version": "1.0.0"
    },
    {
      "bom-ref": "infrastructure/kubernetes/helm/finder/templates/configmap.yaml",
      "type": "file",
      "name": "configmap.yaml",
      "version": "1.0.0"
    },
    {
      "bom-ref": "infrastructure/kubernetes/helm/finder/templates/deployment.yaml",
      "type": "file",
      "name": "deployment.yaml",
      "version": "1.0.0"
    },
    {
      "bom-ref": "infrastructure/kubernetes/helm/finder/templates/hpa.yaml",
      "type": "file",
      "name": "hpa.yaml",
      "version": "1.0.0"
    },
    {
      "bom-ref": "infrastructure/kubernetes/helm/finder/templates/ingress.yaml",
      "type": "file",
      "name": "ingress.yaml",
      "version": "1.0.0"
    },
    {
      "bom-ref": "infrastructure/kubernetes/helm/finder/templates/pdb.yaml",
      "type": "file",
      "name": "pdb.yaml",
      "version": "1.0.0"
    },
    {
      "bom-ref": "infrastructure/kubernetes/helm/finder/templates/secrets.yaml",
      "type": "file",
      "name": "secrets.yaml",
      "version": "1.0.0"
    },
    {
      "bom-ref": "infrastructure/kubernetes/helm/finder/templates/service.yaml",
      "type": "file",
      "name": "service.yaml",
      "version": "1.0.0"
    },
    {
      "bom-ref": "infrastructure/kubernetes/helm/finder/templates/servicemonitor.yaml",
      "type": "file",
      "name": "servicemonitor.yaml",
      "version": "1.0.0"
    },
    {
      "bom-ref": "infrastructure/kubernetes/helm/finder/values.yaml",
      "type": "file",
      "name": "values.yaml",
      "version": "1.0.0"
    },
    {
      "bom-ref": "infrastructure/kubernetes/helm/hal-core/Chart.yaml",
      "type": "file",
      "name": "Chart.yaml",
      "version": "1.0.0"
    },
    {
      "bom-ref": "infrastructure/kubernetes/helm/hal-core/templates/configmap.yaml",
      "type": "file",
      "name": "configmap.yaml",
      "version": "1.0.0"
    },
    {
      "bom-ref": "infrastructure/kubernetes/helm/hal-core/templates/deployment.yaml",
      "type": "file",
      "name": "deployment.yaml",
      "version": "1.0.0"
    },
    {
      "bom-ref": "infrastructure/kubernetes/helm/hal-core/templates/hpa.yaml",
      "type": "file",
      "name": "hpa.yaml",
      "version": "1.0.0"
    },
    {
      "bom-ref": "infrastructure/kubernetes/helm/hal-core/templates/ingress.yaml",
      "type": "file",
      "name": "ingress.yaml",
      "version": "1.0.0"
    },
    {
      "bom-ref": "infrastructure/kubernetes/helm/hal-core/templates/pdb.yaml",
      "type": "file",
      "name": "pdb.yaml",
      "version": "1.0.0"
    },
    {
      "bom-ref": "infrastructure/kubernetes/helm/hal-core/templates/secrets.yaml",
      "type": "file",
      "name": "secrets.yaml",
      "version": "1.0.0"
    },
    {
      "bom-ref": "infrastructure/kubernetes/helm/hal-core/templates/service.yaml",
      "type": "file",
      "name": "service.yaml",
      "version": "1.0.0"
    },
    {
      "bom-ref": "infrastructure/kubernetes/helm/hal-core/templates/servicemonitor.yaml",
      "type": "file",
      "name": "servicemonitor.yaml",
      "version": "1.0.0"
    },
    {
      "bom-ref": "infrastructure/kubernetes/helm/hal-core/values.yaml",
      "type": "file",
      "name": "values.yaml",
      "version": "1.0.0"
    },
    {
      "bom-ref": "infrastructure/kubernetes/helm/job-runner/Chart.yaml",
      "type": "file",
      "name": "Chart.yaml",
      "version": "1.0.0"
    },
    {
      "bom-ref": "infrastructure/kubernetes/helm/job-runner/templates/configmap.yaml",
      "type": "file",
      "name": "configmap.yaml",
      "version": "1.0.0"
    },
    {
      "bom-ref": "infrastructure/kubernetes/helm/job-runner/templates/deployment.yaml",
      "type": "file",
      "name": "deployment.yaml",
      "version": "1.0.0"
    },
    {
      "bom-ref": "infrastructure/kubernetes/helm/job-runner/templates/hpa.yaml",
      "type": "file",
      "name": "hpa.yaml",
      "version": "1.0.0"
    },
    {
      "bom-ref": "infrastructure/kubernetes/helm/job-runner/templates/ingress.yaml",
      "type": "file",
      "name": "ingress.yaml",
      "version": "1.0.0"
    },
    {
      "bom-ref": "infrastructure/kubernetes/helm/job-runner/templates/pdb.yaml",
      "type": "file",
      "name": "pdb.yaml",
      "version": "1.0.0"
    },
    {
      "bom-ref": "infrastructure/kubernetes/helm/job-runner/templates/secrets.yaml",
      "type": "file",
      "name": "secrets.yaml",
      "version": "1.0.0"
    },
    {
      "bom-ref": "infrastructure/kubernetes/helm/job-runner/templates/service.yaml",
      "type": "file",
      "name": "service.yaml",
      "version": "1.0.0"
    },
    {
      "bom-ref": "infrastructure/kubernetes/helm/job-runner/templates/servicemonitor.yaml",
      "type": "file",
      "name": "servicemonitor.yaml",
      "version": "1.0.0"
    },
    {
      "bom-ref": "infrastructure/kubernetes/helm/job-runner/values.yaml",
      "type": "file",
      "name": "values.yaml",
      "version": "1.0.0"
    },
    {
      "bom-ref": "infrastructure/kubernetes/helm/metrics-service/Chart.yaml",
      "type": "file",
      "name": "Chart.yaml",
      "version": "1.0.0"
    },
    {
      "bom-ref": "infrastructure/kubernetes/helm/metrics-service/templates/configmap.yaml",
      "type": "file",
      "name": "configmap.yaml",
      "version": "1.0.0"
    },
    {
      "bom-ref": "infrastructure/kubernetes/helm/metrics-service/templates/deployment.yaml",
      "type": "file",
      "name": "deployment.yaml",
      "version": "1.0.0"
    },
    {
      "bom-ref": "infrastructure/kubernetes/helm/metrics-service/templates/hpa.yaml",
      "type": "file",
      "name": "hpa.yaml",
      "version": "1.0.0"
    },
    {
      "bom-ref": "infrastructure/kubernetes/helm/metrics-service/templates/ingress.yaml",
      "type": "file",
      "name": "ingress.yaml",
      "version": "1.0.0"
    },
    {
      "bom-ref": "infrastructure/kubernetes/helm/metrics-service/templates/pdb.yaml",
      "type": "file",
      "name": "pdb.yaml",
      "version": "1.0.0"
    },
    {
      "bom-ref": "infrastructure/kubernetes/helm/metrics-service/templates/secrets.yaml",
      "type": "file",
      "name": "secrets.yaml",
      "version": "1.0.0"
    },
    {
      "bom-ref": "infrastructure/kubernetes/helm/metrics-service/templates/service.yaml",
      "type": "file",
      "name": "service.yaml",
      "version": "1.0.0"
    },
    {
      "bom-ref": "infrastructure/kubernetes/helm/metrics-service/templates/servicemonitor.yaml",
      "type": "file",
      "name": "servicemonitor.yaml",
      "version": "1.0.0"
    },
    {
      "bom-ref": "infrastructure/kubernetes/helm/metrics-service/values.yaml",
      "type": "file",
      "name": "values.yaml",
      "version": "1.0.0"
    },
    {
      "bom-ref": "infrastructure/kubernetes/helm/notification-service/Chart.yaml",
      "type": "file",
      "name": "Chart.yaml",
      "version": "1.0.0"
    },
    {
      "bom-ref": "infrastructure/kubernetes/helm/notification-service/templates/configmap.yaml",
      "type": "file",
      "name": "configmap.yaml",
      "version": "1.0.0"
    },
    {
      "bom-ref": "infrastructure/kubernetes/helm/notification-service/templates/deployment.yaml",
      "type": "file",
      "name": "deployment.yaml",
      "version": "1.0.0"
    },
    {
      "bom-ref": "infrastructure/kubernetes/helm/notification-service/templates/hpa.yaml",
      "type": "file",
      "name": "hpa.yaml",
      "version": "1.0.0"
    },
    {
      "bom-ref": "infrastructure/kubernetes/helm/notification-service/templates/ingress.yaml",
      "type": "file",
      "name": "ingress.yaml",
      "version": "1.0.0"
    },
    {
      "bom-ref": "infrastructure/kubernetes/helm/notification-service/templates/pdb.yaml",
      "type": "file",
      "name": "pdb.yaml",
      "version": "1.0.0"
    },
    {
      "bom-ref": "infrastructure/kubernetes/helm/notification-service/templates/secrets.yaml",
      "type": "file",
      "name": "secrets.yaml",
      "version": "1.0.0"
    },
    {
      "bom-ref": "infrastructure/kubernetes/helm/notification-service/templates/service.yaml",
      "type": "file",
      "name": "service.yaml",
      "version": "1.0.0"
    },
    {
      "bom-ref": "infrastructure/kubernetes/helm/notification-service/templates/servicemonitor.yaml",
      "type": "file",
      "name": "servicemonitor.yaml",
      "version": "1.0.0"
    },
    {
      "bom-ref": "infrastructure/kubernetes/helm/notification-service/values.yaml",
      "type": "file",
      "name": "values.yaml",
      "version": "1.0.0"
    },
    {
      "bom-ref": "infrastructure/kubernetes/helm/orion/Chart.yaml",
      "type": "file",
      "name": "Chart.yaml",
      "version": "1.0.0"
    },
    {
      "bom-ref": "infrastructure/kubernetes/helm/orion/templates/configmap.yaml",
      "type": "file",
      "name": "configmap.yaml",
      "version": "1.0.0"
    },
    {
      "bom-ref": "infrastructure/kubernetes/helm/orion/templates/deployment.yaml",
      "type": "file",
      "name": "deployment.yaml",
      "version": "1.0.0"
    },
    {
      "bom-ref": "infrastructure/kubernetes/helm/orion/templates/hpa.yaml",
      "type": "file",
      "name": "hpa.yaml",
      "version": "1.0.0"
    },
    {
      "bom-ref": "infrastructure/kubernetes/helm/orion/templates/ingress.yaml",
      "type": "file",
      "name": "ingress.yaml",
      "version": "1.0.0"
    },
    {
      "bom-ref": "infrastructure/kubernetes/helm/orion/templates/pdb.yaml",
      "type": "file",
      "name": "pdb.yaml",
      "version": "1.0.0"
    },
    {
      "bom-ref": "infrastructure/kubernetes/helm/orion/templates/secrets.yaml",
      "type": "file",
      "name": "secrets.yaml",
      "version": "1.0.0"
    },
    {
      "bom-ref": "infrastructure/kubernetes/helm/orion/templates/service.yaml",
      "type": "file",
      "name": "service.yaml",
      "version": "1.0.0"
    },
    {
      "bom-ref": "infrastructure/kubernetes/helm/orion/templates/servicemonitor.yaml",
      "type": "file",
      "name": "servicemonitor.yaml",
      "version": "1.0.0"
    },
    {
      "bom-ref": "infrastructure/kubernetes/helm/orion/values.yaml",
      "type": "file",
      "name": "values.yaml",
      "version": "1.0.0"
    },
    {
      "bom-ref": "infrastructure/kubernetes/helm/phos/Chart.yaml",
      "type": "file",
      "name": "Chart.yaml",
      "version": "1.0.0"
    },
    {
      "bom-ref": "infrastructure/kubernetes/helm/phos/templates/configmap.yaml",
      "type": "file",
      "name": "configmap.yaml",
      "version": "1.0.0"
    },
    {
      "bom-ref": "infrastructure/kubernetes/helm/phos/templates/deployment.yaml",
      "type": "file",
      "name": "deployment.yaml",
      "version": "1.0.0"
    },
    {
      "bom-ref": "infrastructure/kubernetes/helm/phos/templates/hpa.yaml",
      "type": "file",
      "name": "hpa.yaml",
      "version": "1.0.0"
    },
    {
      "bom-ref": "infrastructure/kubernetes/helm/phos/templates/ingress.yaml",
      "type": "file",
      "name": "ingress.yaml",
      "version": "1.0.0"
    },
    {
      "bom-ref": "infrastructure/kubernetes/helm/phos/templates/pdb.yaml",
      "type": "file",
      "name": "pdb.yaml",
      "version": "1.0.0"
    },
    {
      "bom-ref": "infrastructure/kubernetes/helm/phos/templates/secrets.yaml",
      "type": "file",
      "name": "secrets.yaml",
      "version": "1.0.0"
    },
    {
      "bom-ref": "infrastructure/kubernetes/helm/phos/templates/service.yaml",
      "type": "file",
      "name": "service.yaml",
      "version": "1.0.0"
    },
    {
      "bom-ref": "infrastructure/kubernetes/helm/phos/templates/servicemonitor.yaml",
      "type": "file",
      "name": "servicemonitor.yaml",
      "version": "1.0.0"
    },
    {
      "bom-ref": "infrastructure/kubernetes/helm/phos/values.yaml",
      "type": "file",
      "name": "values.yaml",
      "version": "1.0.0"
    },
    {
      "bom-ref": "infrastructure/kubernetes/helm/rag-indexer/Chart.yaml",
      "type": "file",
      "name": "Chart.yaml",
      "version": "1.0.0"
    },
    {
      "bom-ref": "infrastructure/kubernetes/helm/rag-indexer/templates/configmap.yaml",
      "type": "file",
      "name": "configmap.yaml",
      "version": "1.0.0"
    },
    {
      "bom-ref": "infrastructure/kubernetes/helm/rag-indexer/templates/deployment.yaml",
      "type": "file",
      "name": "deployment.yaml",
      "version": "1.0.0"
    },
    {
      "bom-ref": "infrastructure/kubernetes/helm/rag-indexer/templates/hpa.yaml",
      "type": "file",
      "name": "hpa.yaml",
      "version": "1.0.0"
    },
    {
      "bom-ref": "infrastructure/kubernetes/helm/rag-indexer/templates/ingress.yaml",
      "type": "file",
      "name": "ingress.yaml",
      "version": "1.0.0"
    },
    {
      "bom-ref": "infrastructure/kubernetes/helm/rag-indexer/templates/pdb.yaml",
      "type": "file",
      "name": "pdb.yaml",
      "version": "1.0.0"
    },
    {
      "bom-ref": "infrastructure/kubernetes/helm/rag-indexer/templates/secrets.yaml",
      "type": "file",
      "name": "secrets.yaml",
      "version": "1.0.0"
    },
    {
      "bom-ref": "infrastructure/kubernetes/helm/rag-indexer/templates/service.yaml",
      "type": "file",
      "name": "service.yaml",
      "version": "1.0.0"
    },
    {
      "bom-ref": "infrastructure/kubernetes/helm/rag-indexer/templates/servicemonitor.yaml",
      "type": "file",
      "name": "servicemonitor.yaml",
      "version": "1.0.0"
    },
    {
      "bom-ref": "infrastructure/kubernetes/helm/rag-indexer/values.yaml",
      "type": "file",
      "name": "values.yaml",
      "version": "1.0.0"
    },
    {
      "bom-ref": "infrastructure/kubernetes/helm/search-service/Chart.yaml",
      "type": "file",
      "name": "Chart.yaml",
      "version": "1.0.0"
    },
    {
      "bom-ref": "infrastructure/kubernetes/helm/search-service/templates/configmap.yaml",
      "type": "file",
      "name": "configmap.yaml",
      "version": "1.0.0"
    },
    {
      "bom-ref": "infrastructure/kubernetes/helm/search-service/templates/deployment.yaml",
      "type": "file",
      "name": "deployment.yaml",
      "version": "1.0.0"
    },
    {
      "bom-ref": "infrastructure/kubernetes/helm/search-service/templates/hpa.yaml",
      "type": "file",
      "name": "hpa.yaml",
      "version": "1.0.0"
    },
    {
      "bom-ref": "infrastructure/kubernetes/helm/search-service/templates/ingress.yaml",
      "type": "file",
      "name": "ingress.yaml",
      "version": "1.0.0"
    },
    {
      "bom-ref": "infrastructure/kubernetes/helm/search-service/templates/pdb.yaml",
      "type": "file",
      "name": "pdb.yaml",
      "version": "1.0.0"
    },
    {
      "bom-ref": "infrastructure/kubernetes/helm/search-service/templates/secrets.yaml",
      "type": "file",
      "name": "secrets.yaml",
      "version": "1.0.0"
    },
    {
      "bom-ref": "infrastructure/kubernetes/helm/search-service/templates/service.yaml",
      "type": "file",
      "name": "service.yaml",
      "version": "1.0.0"
    },
    {
      "bom-ref": "infrastructure/kubernetes/helm/search-service/templates/servicemonitor.yaml",
      "type": "file",
      "name": "servicemonitor.yaml",
      "version": "1.0.0"
    },
    {
      "bom-ref": "infrastructure/kubernetes/helm/search-service/values.yaml",
      "type": "file",
      "name": "values.yaml",
      "version": "1.0.0"
    },
    {
      "bom-ref": "infrastructure/kubernetes/helm/secret-manager/Chart.yaml",
      "type": "file",
      "name": "Chart.yaml",
      "version": "1.0.0"
    },
    {
      "bom-ref": "infrastructure/kubernetes/helm/secret-manager/templates/configmap.yaml",
      "type": "file",
      "name": "configmap.yaml",
      "version": "1.0.0"
    },
    {
      "bom-ref": "infrastructure/kubernetes/helm/secret-manager/templates/deployment.yaml",
      "type": "file",
      "name": "deployment.yaml",
      "version": "1.0.0"
    },
    {
      "bom-ref": "infrastructure/kubernetes/helm/secret-manager/templates/hpa.yaml",
      "type": "file",
      "name": "hpa.yaml",
      "version": "1.0.0"
    },
    {
      "bom-ref": "infrastructure/kubernetes/helm/secret-manager/templates/ingress.yaml",
      "type": "file",
      "name": "ingress.yaml",
      "version": "1.0.0"
    },
    {
      "bom-ref": "infrastructure/kubernetes/helm/secret-manager/templates/pdb.yaml",
      "type": "file",
      "name": "pdb.yaml",
      "version": "1.0.0"
    },
    {
      "bom-ref": "infrastructure/kubernetes/helm/secret-manager/templates/secrets.yaml",
      "type": "file",
      "name": "secrets.yaml",
      "version": "1.0.0"
    },
    {
      "bom-ref": "infrastructure/kubernetes/helm/secret-manager/templates/service.yaml",
      "type": "file",
      "name": "service.yaml",
      "version": "1.0.0"
    },
    {
      "bom-ref": "infrastructure/kubernetes/helm/secret-manager/templates/servicemonitor.yaml",
      "type": "file",
      "name": "servicemonitor.yaml",
      "version": "1.0.0"
    },
    {
      "bom-ref": "infrastructure/kubernetes/helm/secret-manager/values.yaml",
      "type": "file",
      "name": "values.yaml",
      "version": "1.0.0"
    },
    {
      "bom-ref": "infrastructure/kubernetes/helm/skywalk/Chart.yaml",
      "type": "file",
      "name": "Chart.yaml",
      "version": "1.0.0"
    },
    {
      "bom-ref": "infrastructure/kubernetes/helm/skywalk/templates/configmap.yaml",
      "type": "file",
      "name": "configmap.yaml",
      "version": "1.0.0"
    },
    {
      "bom-ref": "infrastructure/kubernetes/helm/skywalk/templates/deployment.yaml",
      "type": "file",
      "name": "deployment.yaml",
      "version": "1.0.0"
    },
    {
      "bom-ref": "infrastructure/kubernetes/helm/skywalk/templates/hpa.yaml",
      "type": "file",
      "name": "hpa.yaml",
      "version": "1.0.0"
    },
    {
      "bom-ref": "infrastructure/kubernetes/helm/skywalk/templates/ingress.yaml",
      "type": "file",
      "name": "ingress.yaml",
      "version": "1.0.0"
    },
    {
      "bom-ref": "infrastructure/kubernetes/helm/skywalk/templates/pdb.yaml",
      "type": "file",
      "name": "pdb.yaml",
      "version": "1.0.0"
    },
    {
      "bom-ref": "infrastructure/kubernetes/helm/skywalk/templates/secrets.yaml",
      "type": "file",
      "name": "secrets.yaml",
      "version": "1.0.0"
    },
    {
      "bom-ref": "infrastructure/kubernetes/helm/skywalk/templates/service.yaml",
      "type": "file",
      "name": "service.yaml",
      "version": "1.0.0"
    },
    {
      "bom-ref": "infrastructure/kubernetes/helm/skywalk/templates/servicemonitor.yaml",
      "type": "file",
      "name": "servicemonitor.yaml",
      "version": "1.0.0"
    },
    {
      "bom-ref": "infrastructure/kubernetes/helm/skywalk/values.yaml",
      "type": "file",
      "name": "values.yaml",
      "version": "1.0.0"
    },
    {
      "bom-ref": "infrastructure/kubernetes/helm/user-service/Chart.yaml",
      "type": "file",
      "name": "Chart.yaml",
      "version": "1.0.0"
    },
    {
      "bom-ref": "infrastructure/kubernetes/helm/user-service/templates/configmap.yaml",
      "type": "file",
      "name": "configmap.yaml",
      "version": "1.0.0"
    },
    {
      "bom-ref": "infrastructure/kubernetes/helm/user-service/templates/deployment.yaml",
      "type": "file",
      "name": "deployment.yaml",
      "version": "1.0.0"
    },
    {
      "bom-ref": "infrastructure/kubernetes/helm/user-service/templates/hpa.yaml",
      "type": "file",
      "name": "hpa.yaml",
      "version": "1.0.0"
    },
    {
      "bom-ref": "infrastructure/kubernetes/helm/user-service/templates/ingress.yaml",
      "type": "file",
      "name": "ingress.yaml",
      "version": "1.0.0"
    },
    {
      "bom-ref": "infrastructure/kubernetes/helm/user-service/templates/pdb.yaml",
      "type": "file",
      "name": "pdb.yaml",
      "version": "1.0.0"
    },
    {
      "bom-ref": "infrastructure/kubernetes/helm/user-service/templates/secrets.yaml",
      "type": "file",
      "name": "secrets.yaml",
      "version": "1.0.0"
    },
    {
      "bom-ref": "infrastructure/kubernetes/helm/user-service/templates/service.yaml",
      "type": "file",
      "name": "service.yaml",
      "version": "1.0.0"
    },
    {
      "bom-ref": "infrastructure/kubernetes/helm/user-service/templates/servicemonitor.yaml",
      "type": "file",
      "name": "servicemonitor.yaml",
      "version": "1.0.0"
    },
    {
      "bom-ref": "infrastructure/kubernetes/helm/user-service/values.yaml",
      "type": "file",
      "name": "values.yaml",
      "version": "1.0.0"
    },
    {
      "bom-ref": "infrastructure/kubernetes/helm/vaulttime/Chart.yaml",
      "type": "file",
      "name": "Chart.yaml",
      "version": "1.0.0"
    },
    {
      "bom-ref": "infrastructure/kubernetes/helm/vaulttime/templates/configmap.yaml",
      "type": "file",
      "name": "configmap.yaml",
      "version": "1.0.0"
    },
    {
      "bom-ref": "infrastructure/kubernetes/helm/vaulttime/templates/deployment.yaml",
      "type": "file",
      "name": "deployment.yaml",
      "version": "1.0.0"
    },
    {
      "bom-ref": "infrastructure/kubernetes/helm/vaulttime/templates/hpa.yaml",
      "type": "file",
      "name": "hpa.yaml",
      "version": "1.0.0"
    },
    {
      "bom-ref": "infrastructure/kubernetes/helm/vaulttime/templates/ingress.yaml",
      "type": "file",
      "name": "ingress.yaml",
      "version": "1.0.0"
    },
    {
      "bom-ref": "infrastructure/kubernetes/helm/vaulttime/templates/pdb.yaml",
      "type": "file",
      "name": "pdb.yaml",
      "version": "1.0.0"
    },
    {
      "bom-ref": "infrastructure/kubernetes/helm/vaulttime/templates/secrets.yaml",
      "type": "file",
      "name": "secrets.yaml",
      "version": "1.0.0"
    },
    {
      "bom-ref": "infrastructure/kubernetes/helm/vaulttime/templates/service.yaml",
      "type": "file",
      "name": "service.yaml",
      "version": "1.0.0"
    },
    {
      "bom-ref": "infrastructure/kubernetes/helm/vaulttime/templates/servicemonitor.yaml",
      "type": "file",
      "name": "servicemonitor.yaml",
      "version": "1.0.0"
    },
    {
      "bom-ref": "infrastructure/kubernetes/helm/vaulttime/values.yaml",
      "type": "file",
      "name": "values.yaml",
      "version": "1.0.0"
    },
    {
      "bom-ref": "infrastructure/kubernetes/helm/vector-service/Chart.yaml",
      "type": "file",
      "name": "Chart.yaml",
      "version": "1.0.0"
    },
    {
      "bom-ref": "infrastructure/kubernetes/helm/vector-service/templates/configmap.yaml",
      "type": "file",
      "name": "configmap.yaml",
      "version": "1.0.0"
    },
    {
      "bom-ref": "infrastructure/kubernetes/helm/vector-service/templates/deployment.yaml",
      "type": "file",
      "name": "deployment.yaml",
      "version": "1.0.0"
    },
    {
      "bom-ref": "infrastructure/kubernetes/helm/vector-service/templates/hpa.yaml",
      "type": "file",
      "name": "hpa.yaml",
      "version": "1.0.0"
    },
    {
      "bom-ref": "infrastructure/kubernetes/helm/vector-service/templates/ingress.yaml",
      "type": "file",
      "name": "ingress.yaml",
      "version": "1.0.0"
    },
    {
      "bom-ref": "infrastructure/kubernetes/helm/vector-service/templates/pdb.yaml",
      "type": "file",
      "name": "pdb.yaml",
      "version": "1.0.0"
    },
    {
      "bom-ref": "infrastructure/kubernetes/helm/vector-service/templates/secrets.yaml",
      "type": "file",
      "name": "secrets.yaml",
      "version": "1.0.0"
    },
    {
      "bom-ref": "infrastructure/kubernetes/helm/vector-service/templates/service.yaml",
      "type": "file",
      "name": "service.yaml",
      "version": "1.0.0"
    },
    {
      "bom-ref": "infrastructure/kubernetes/helm/vector-service/templates/servicemonitor.yaml",
      "type": "file",
      "name": "servicemonitor.yaml",
      "version": "1.0.0"
    },
    {
      "bom-ref": "infrastructure/kubernetes/helm/vector-service/values.yaml",
      "type": "file",
      "name": "values.yaml",
      "version": "1.0.0"
    },
    {
      "bom-ref": "infrastructure/kubernetes/helm/wardog/Chart.yaml",
      "type": "file",
      "name": "Chart.yaml",
      "version": "1.0.0"
    },
    {
      "bom-ref": "infrastructure/kubernetes/helm/wardog/templates/configmap.yaml",
      "type": "file",
      "name": "configmap.yaml",
      "version": "1.0.0"
    },
    {
      "bom-ref": "infrastructure/kubernetes/helm/wardog/templates/deployment.yaml",
      "type": "file",
      "name": "deployment.yaml",
      "version": "1.0.0"
    },
    {
      "bom-ref": "infrastructure/kubernetes/helm/wardog/templates/hpa.yaml",
      "type": "file",
      "name": "hpa.yaml",
      "version": "1.0.0"
    },
    {
      "bom-ref": "infrastructure/kubernetes/helm/wardog/templates/ingress.yaml",
      "type": "file",
      "name": "ingress.yaml",
      "version": "1.0.0"
    },
    {
      "bom-ref": "infrastructure/kubernetes/helm/wardog/templates/pdb.yaml",
      "type": "file",
      "name": "pdb.yaml",
      "version": "1.0.0"
    },
    {
      "bom-ref": "infrastructure/kubernetes/helm/wardog/templates/secrets.yaml",
      "type": "file",
      "name": "secrets.yaml",
      "version": "1.0.0"
    },
    {
      "bom-ref": "infrastructure/kubernetes/helm/wardog/templates/service.yaml",
      "type": "file",
      "name": "service.yaml",
      "version": "1.0.0"
    },
    {
      "bom-ref": "infrastructure/kubernetes/helm/wardog/templates/servicemonitor.yaml",
      "type": "file",
      "name": "servicemonitor.yaml",
      "version": "1.0.0"
    },
    {
      "bom-ref": "infrastructure/kubernetes/helm/wardog/values.yaml",
      "type": "file",
      "name": "values.yaml",
      "version": "1.0.0"
    },
    {
      "bom-ref": "infrastructure/kubernetes/helm/wish-upon-a-star/Chart.yaml",
      "type": "file",
      "name": "Chart.yaml",
      "version": "1.0.0"
    },
    {
      "bom-ref": "infrastructure/kubernetes/helm/wish-upon-a-star/templates/configmap.yaml",
      "type": "file",
      "name": "configmap.yaml",
      "version": "1.0.0"
    },
    {
      "bom-ref": "infrastructure/kubernetes/helm/wish-upon-a-star/templates/deployment.yaml",
      "type": "file",
      "name": "deployment.yaml",
      "version": "1.0.0"
    },
    {
      "bom-ref": "infrastructure/kubernetes/helm/wish-upon-a-star/templates/hpa.yaml",
      "type": "file",
      "name": "hpa.yaml",
      "version": "1.0.0"
    },
    {
      "bom-ref": "infrastructure/kubernetes/helm/wish-upon-a-star/templates/ingress.yaml",
      "type": "file",
      "name": "ingress.yaml",
      "version": "1.0.0"
    },
    {
      "bom-ref": "infrastructure/kubernetes/helm/wish-upon-a-star/templates/pdb.yaml",
      "type": "file",
      "name": "pdb.yaml",
      "version": "1.0.0"
    },
    {
      "bom-ref": "infrastructure/kubernetes/helm/wish-upon-a-star/templates/secrets.yaml",
      "type": "file",
      "name": "secrets.yaml",
      "version": "1.0.0"
    },
    {
      "bom-ref": "infrastructure/kubernetes/helm/wish-upon-a-star/templates/service.yaml",
      "type": "file",
      "name": "service.yaml",
      "version": "1.0.0"
    },
    {
      "bom-ref": "infrastructure/kubernetes/helm/wish-upon-a-star/templates/servicemonitor.yaml",
      "type": "file",
      "name": "servicemonitor.yaml",
      "version": "1.0.0"
    },
    {
      "bom-ref": "infrastructure/kubernetes/helm/wish-upon-a-star/values.yaml",
      "type": "file",
      "name": "values.yaml",
      "version": "1.0.0"
    },
    {
      "bom-ref": "infrastructure/terraform/aws/envs/dev/main.tf",
      "type": "file",
      "name": "main.tf",
      "version": "1.0.0"
    },
    {
      "bom-ref": "infrastructure/terraform/aws/envs/dev/terraform.tfvars",
      "type": "file",
      "name": "terraform.tfvars",
      "version": "1.0.0"
    },
    {
      "bom-ref": "infrastructure/terraform/aws/envs/prod/main.tf",
      "type": "file",
      "name": "main.tf",
      "version": "1.0.0"
    },
    {
      "bom-ref": "infrastructure/terraform/aws/envs/prod/terraform.tfvars",
      "type": "file",
      "name": "terraform.tfvars",
      "version": "1.0.0"
    },
    {
      "bom-ref": "infrastructure/terraform/aws/envs/staging/main.tf",
      "type": "file",
      "name": "main.tf",
      "version": "1.0.0"
    },
    {
      "bom-ref": "infrastructure/terraform/aws/envs/staging/terraform.tfvars",
      "type": "file",
      "name": "terraform.tfvars",
      "version": "1.0.0"
    },
    {
      "bom-ref": "infrastructure/terraform/azurerm/envs/dev/main.tf",
      "type": "file",
      "name": "main.tf",
      "version": "1.0.0"
    },
    {
      "bom-ref": "infrastructure/terraform/azurerm/envs/dev/terraform.tfvars",
      "type": "file",
      "name": "terraform.tfvars",
      "version": "1.0.0"
    },
    {
      "bom-ref": "infrastructure/terraform/azurerm/envs/prod/main.tf",
      "type": "file",
      "name": "main.tf",
      "version": "1.0.0"
    },
    {
      "bom-ref": "infrastructure/terraform/azurerm/envs/prod/terraform.tfvars",
      "type": "file",
      "name": "terraform.tfvars",
      "version": "1.0.0"
    },
    {
      "bom-ref": "infrastructure/terraform/azurerm/envs/staging/main.tf",
      "type": "file",
      "name": "main.tf",
      "version": "1.0.0"
    },
    {
      "bom-ref": "infrastructure/terraform/azurerm/envs/staging/terraform.tfvars",
      "type": "file",
      "name": "terraform.tfvars",
      "version": "1.0.0"
    },
    {
      "bom-ref": "infrastructure/terraform/cloudflare/envs/dev/main.tf",
      "type": "file",
      "name": "main.tf",
      "version": "1.0.0"
    },
    {
      "bom-ref": "infrastructure/terraform/cloudflare/envs/dev/terraform.tfvars",
      "type": "file",
      "name": "terraform.tfvars",
      "version": "1.0.0"
    },
    {
      "bom-ref": "infrastructure/terraform/cloudflare/envs/prod/main.tf",
      "type": "file",
      "name": "main.tf",
      "version": "1.0.0"
    },
    {
      "bom-ref": "infrastructure/terraform/cloudflare/envs/prod/terraform.tfvars",
      "type": "file",
      "name": "terraform.tfvars",
      "version": "1.0.0"
    },
    {
      "bom-ref": "infrastructure/terraform/cloudflare/envs/staging/main.tf",
      "type": "file",
      "name": "main.tf",
      "version": "1.0.0"
    },
    {
      "bom-ref": "infrastructure/terraform/cloudflare/envs/staging/terraform.tfvars",
      "type": "file",
      "name": "terraform.tfvars",
      "version": "1.0.0"
    },
    {
      "bom-ref": "infrastructure/terraform/google/envs/dev/main.tf",
      "type": "file",
      "name": "main.tf",
      "version": "1.0.0"
    },
    {
      "bom-ref": "infrastructure/terraform/google/envs/dev/terraform.tfvars",
      "type": "file",
      "name": "terraform.tfvars",
      "version": "1.0.0"
    },
    {
      "bom-ref": "infrastructure/terraform/google/envs/prod/main.tf",
      "type": "file",
      "name": "main.tf",
      "version": "1.0.0"
    },
    {
      "bom-ref": "infrastructure/terraform/google/envs/prod/terraform.tfvars",
      "type": "file",
      "name": "terraform.tfvars",
      "version": "1.0.0"
    },
    {
      "bom-ref": "infrastructure/terraform/google/envs/staging/main.tf",
      "type": "file",
      "name": "main.tf",
      "version": "1.0.0"
    },
    {
      "bom-ref": "infrastructure/terraform/google/envs/staging/terraform.tfvars",
      "type": "file",
      "name": "terraform.tfvars",
      "version": "1.0.0"
    },
    {
      "bom-ref": "infrastructure/terraform/kubernetes/envs/dev/main.tf",
      "type": "file",
      "name": "main.tf",
      "version": "1.0.0"
    },
    {
      "bom-ref": "infrastructure/terraform/kubernetes/envs/dev/terraform.tfvars",
      "type": "file",
      "name": "terraform.tfvars",
      "version": "1.0.0"
    },
    {
      "bom-ref": "infrastructure/terraform/kubernetes/envs/prod/main.tf",
      "type": "file",
      "name": "main.tf",
      "version": "1.0.0"
    },
    {
      "bom-ref": "infrastructure/terraform/kubernetes/envs/prod/terraform.tfvars",
      "type": "file",
      "name": "terraform.tfvars",
      "version": "1.0.0"
    },
    {
      "bom-ref": "infrastructure/terraform/kubernetes/envs/staging/main.tf",
      "type": "file",
      "name": "main.tf",
      "version": "1.0.0"
    },
    {
      "bom-ref": "infrastructure/terraform/kubernetes/envs/staging/terraform.tfvars",
      "type": "file",
      "name": "terraform.tfvars",
      "version": "1.0.0"
    },
    {
      "bom-ref": "legal/VAULTTIME-PRIVATE-v1.md",
      "type": "file",
      "name": "VAULTTIME-PRIVATE-v1.md",
      "version": "1.0.0"
    },
    {
      "bom-ref": "observability/grafana/dashboards/apm.json",
      "type": "file",
      "name": "apm.json",
      "version": "1.0.0"
    },
    {
      "bom-ref": "observability/grafana/dashboards/platinum-overview.json",
      "type": "file",
      "name": "platinum-overview.json",
      "version": "1.0.0"
    },
    {
      "bom-ref": "observability/jaeger/config.yaml",
      "type": "file",
      "name": "config.yaml",
      "version": "1.0.0"
    },
    {
      "bom-ref": "observability/loki/config.yaml",
      "type": "file",
      "name": "config.yaml",
      "version": "1.0.0"
    },
    {
      "bom-ref": "observability/opentelemetry/collector.yaml",
      "type": "file",
      "name": "collector.yaml",
      "version": "1.0.0"
    },
    {
      "bom-ref": "observability/prometheus/prometheus.yml",
      "type": "file",
      "name": "prometheus.yml",
      "version": "1.0.0"
    },
    {
      "bom-ref": "observability/promtail/config.yaml",
      "type": "file",
      "name": "config.yaml",
      "version": "1.0.0"
    },
    {
      "bom-ref": "platform/package.json",
      "type": "file",
      "name": "package.json",
      "version": "1.0.0"
    },
    {
      "bom-ref": "platform/pnpm-workspace.yaml",
      "type": "file",
      "name": "pnpm-workspace.yaml",
      "version": "1.0.0"
    },
    {
      "bom-ref": "platform/services/ai-gateway-pro/README.md",
      "type": "file",
      "name": "README.md",
      "version": "1.0.0"
    },
    {
      "bom-ref": "platform/services/api-gateway/.dockerignore",
      "type": "file",
      "name": ".dockerignore",
      "version": "1.0.0"
    },
    {
      "bom-ref": "platform/services/api-gateway/Dockerfile",
      "type": "file",
      "name": "Dockerfile",
      "version": "1.0.0"
    },
    {
      "bom-ref": "platform/services/api-gateway/package.json",
      "type": "file",
      "name": "package.json",
      "version": "1.0.0"
    },
    {
      "bom-ref": "platform/services/api-gateway/src/main.js",
      "type": "file",
      "name": "main.js",
      "version": "1.0.0"
    },
    {
      "bom-ref": "platform/services/auth-service/README.md",
      "type": "file",
      "name": "README.md",
      "version": "1.0.0"
    },
    {
      "bom-ref": "platform/services/billing-service/README.md",
      "type": "file",
      "name": "README.md",
      "version": "1.0.0"
    },
    {
      "bom-ref": "platform/services/ble-recovery-kit/README.md",
      "type": "file",
      "name": "README.md",
      "version": "1.0.0"
    },
    {
      "bom-ref": "platform/services/content-service/README.md",
      "type": "file",
      "name": "README.md",
      "version": "1.0.0"
    },
    {
      "bom-ref": "platform/services/control-nexus/README.md",
      "type": "file",
      "name": "README.md",
      "version": "1.0.0"
    },
    {
      "bom-ref": "platform/services/file-service/README.md",
      "type": "file",
      "name": "README.md",
      "version": "1.0.0"
    },
    {
      "bom-ref": "platform/services/finder/README.md",
      "type": "file",
      "name": "README.md",
      "version": "1.0.0"
    },
    {
      "bom-ref": "platform/services/hal-core/README.md",
      "type": "file",
      "name": "README.md",
      "version": "1.0.0"
    },
    {
      "bom-ref": "platform/services/job-runner/README.md",
      "type": "file",
      "name": "README.md",
      "version": "1.0.0"
    },
    {
      "bom-ref": "platform/services/metrics-service/README.md",
      "type": "file",
      "name": "README.md",
      "version": "1.0.0"
    },
    {
      "bom-ref": "platform/services/notification-service/README.md",
      "type": "file",
      "name": "README.md",
      "version": "1.0.0"
    },
    {
      "bom-ref": "platform/services/orion/README.md",
      "type": "file",
      "name": "README.md",
      "version": "1.0.0"
    },
    {
      "bom-ref": "platform/services/phos/README.md",
      "type": "file",
      "name": "README.md",
      "version": "1.0.0"
    },
    {
      "bom-ref": "platform/services/rag-indexer/README.md",
      "type": "file",
      "name": "README.md",
      "version": "1.0.0"
    },
    {
      "bom-ref": "platform/services/search-service/README.md",
      "type": "file",
      "name": "README.md",
      "version": "1.0.0"
    },
    {
      "bom-ref": "platform/services/secret-manager/README.md",
      "type": "file",
      "name": "README.md",
      "version": "1.0.0"
    },
    {
      "bom-ref": "platform/services/skywalk/README.md",
      "type": "file",
      "name": "README.md",
      "version": "1.0.0"
    },
    {
      "bom-ref": "platform/services/user-service/README.md",
      "type": "file",
      "name": "README.md",
      "version": "1.0.0"
    },
    {
      "bom-ref": "platform/services/vaulttime/README.md",
      "type": "file",
      "name": "README.md",
      "version": "1.0.0"
    },
    {
      "bom-ref": "platform/services/vector-service/.dockerignore",
      "type": "file",
      "name": ".dockerignore",
      "version": "1.0.0"
    },
    {
      "bom-ref": "platform/services/vector-service/Dockerfile",
      "type": "file",
      "name": "Dockerfile",
      "version": "1.0.0"
    },
    {
      "bom-ref": "platform/services/vector-service/pyproject.toml",
      "type": "file",
      "name": "pyproject.toml",
      "version": "1.0.0"
    },
    {
      "bom-ref": "platform/services/vector-service/src/main.py",
      "type": "file",
      "name": "main.py",
      "version": "1.0.0"
    },
    {
      "bom-ref": "platform/services/wardog/README.md",
      "type": "file",
      "name": "README.md",
      "version": "1.0.0"
    },
    {
      "bom-ref": "platform/services/wish-upon-a-star/README.md",
      "type": "file",
      "name": "README.md",
      "version": "1.0.0"
    },
    {
      "bom-ref": "platform/tsconfig.base.json",
      "type": "file",
      "name": "tsconfig.base.json",
      "version": "1.0.0"
    },
    {
      "bom-ref": "scripts/integrity.py",
      "type": "file",
      "name": "integrity.py",
      "version": "1.0.0"
    },
    {
      "bom-ref": "scripts/run_tests.sh",
      "type": "file",
      "name": "run_tests.sh",
      "version": "1.0.0"
    },
    {
      "bom-ref": "scripts/sbom_generate.py",
      "type": "file",
      "name": "sbom_generate.py",
      "version": "1.0.0"
    },
    {
      "bom-ref": "security/SECURITY_ARCHITECTURE.md",
      "type": "file",
      "name": "SECURITY_ARCHITECTURE.md",
      "version": "1.0.0"
    },
    {
      "bom-ref": "security/THREAT_MODEL.md",
      "type": "file",
      "name": "THREAT_MODEL.md",
      "version": "1.0.0"
    },
    {
      "bom-ref": "security/compliance/SOC2.md",
      "type": "file",
      "name": "SOC2.md",
      "version": "1.0.0"
    },
    {
      "bom-ref": "templates/policy.yaml",
      "type": "file",
      "name": "policy.yaml",
      "version": "1.0.0"
    },
    {
      "bom-ref": "tests/e2e.testplan.md",
      "type": "file",
      "name": "e2e.testplan.md",
      "version": "1.0.0"
    }
  ]
}