{
    "prometheus-infinity-monorepo": {
        "type": "root",
        "children": {
            "agents": {
                "type": "branch",
                "children": {
                    "core": {
                        "type": "branch",
                        "children": {
                            "hal.py": {
                                "type": "leaf",
                                "companions": [
                                    "vaulttime.py",
                                    "skywalk.py",
                                    "sentinels/sentinel_watchdog.py"
                                ],
                                "requires": [
                                    "awareness_runtime",
                                    "decision_context"
                                ],
                                "upstream": [],
                                "downstream": [
                                    "forge_zip.sh",
                                    "vaulttime_lock.py",
                                    "tbox.py"
                                ]
                            },
                            "skywalk.py": {
                                "type": "leaf",
                                "companions": [
                                    "hal.py",
                                    "codex.py"
                                ],
                                "requires": [],
                                "upstream": [
                                    "codex.py"
                                ],
                                "downstream": [
                                    "vector_agent.py"
                                ]
                            },
                            "vaulttime.py": {
                                "type": "leaf",
                                "companions": [
                                    "vaulttime_lock.py"
                                ],
                                "requires": [],
                                "upstream": [],
                                "downstream": [
                                    "forge_zip.sh"
                                ]
                            },
                            "sentinels/sentinel_watchdog.py": {
                                "type": "leaf",
                                "companions": [
                                    "immunodog.py"
                                ],
                                "requires": [
                                    "agent process"
                                ],
                                "upstream": [],
                                "downstream": [
                                    "control_nexus.py"
                                ]
                            },
                            "sentinels/immunodog.py": {
                                "type": "leaf",
                                "companions": [
                                    "sentinel_watchdog.py"
                                ],
                                "requires": [
                                    "security logs"
                                ],
                                "upstream": [],
                                "downstream": []
                            }
                        }
                    },
                    "modular": {
                        "type": "branch",
                        "children": {
                            "architect_agent.py": {
                                "type": "leaf",
                                "requires": [],
                                "upstream": [],
                                "downstream": [
                                    "code_agent.py"
                                ]
                            },
                            "code_agent.py": {
                                "type": "leaf",
                                "requires": [
                                    "architect_agent"
                                ],
                                "upstream": [
                                    "architect_agent.py"
                                ],
                                "downstream": [
                                    "test_agent.py"
                                ]
                            },
                            "data_agent.py": {
                                "type": "leaf",
                                "requires": [],
                                "upstream": [],
                                "downstream": []
                            },
                            "forge_agent.py": {
                                "type": "leaf",
                                "requires": [
                                    "code_agent"
                                ],
                                "upstream": [
                                    "tbox.py"
                                ],
                                "downstream": [
                                    "ship_agent.py"
                                ]
                            },
                            "idea_agent.py": {
                                "type": "leaf",
                                "requires": [],
                                "upstream": [],
                                "downstream": [
                                    "architect_agent.py"
                                ]
                            },
                            "ship_agent.py": {
                                "type": "leaf",
                                "requires": [
                                    "forge_agent"
                                ],
                                "upstream": [
                                    "forge_agent.py"
                                ],
                                "downstream": [
                                    "vaulttime.py"
                                ]
                            },
                            "test_agent.py": {
                                "type": "leaf",
                                "requires": [
                                    "code_agent"
                                ],
                                "upstream": [
                                    "code_agent.py"
                                ],
                                "downstream": [
                                    "tbox.py"
                                ]
                            },
                            "vector_agent.py": {
                                "type": "leaf",
                                "requires": [
                                    "skywalk"
                                ],
                                "upstream": [
                                    "skywalk.py"
                                ],
                                "downstream": []
                            }
                        }
                    }
                }
            },
            "interfaces": {
                "type": "branch",
                "children": {
                    "control_nexus.py": {
                        "type": "leaf",
                        "requires": [
                            "agent status",
                            "watchdogs"
                        ],
                        "upstream": [
                            "sentinel_watchdog.py"
                        ],
                        "downstream": []
                    },
                    "phoenix_terminal.py": {
                        "type": "leaf",
                        "requires": [
                            "CLI"
                        ],
                        "upstream": [],
                        "downstream": [
                            "ignite.sh",
                            "wake.sh"
                        ]
                    },
                    "prometheus_gateway.py": {
                        "type": "leaf",
                        "requires": [
                            "API server"
                        ],
                        "upstream": [],
                        "downstream": []
                    },
                    "scriptable_ios.py": {
                        "type": "leaf",
                        "requires": [
                            "iOS device"
                        ],
                        "upstream": [],
                        "downstream": []
                    },
                    "smart_server.py": {
                        "type": "leaf",
                        "requires": [
                            "server config"
                        ],
                        "upstream": [],
                        "downstream": []
                    }
                }
            },
            "toolchains": {
                "type": "branch",
                "children": {
                    "forge_zip.sh": {
                        "type": "leaf",
                        "requires": [
                            "vaulttime_lock.py",
                            "tbox.py"
                        ],
                        "upstream": [
                            "hal.py",
                            "vaulttime.py"
                        ],
                        "downstream": [
                            "PROMETHEUS_STARTER.sh"
                        ]
                    },
                    "macros": {
                        "type": "branch",
                        "children": {
                            "forge_everything_now.sh": {
                                "type": "leaf",
                                "requires": [
                                    "ignite.sh",
                                    "hal_forge.sh"
                                ],
                                "upstream": [],
                                "downstream": [
                                    "forge_zip.sh"
                                ]
                            },
                            "hal_forge.sh": {
                                "type": "leaf",
                                "requires": [
                                    "hal.py"
                                ],
                                "upstream": [
                                    "hal.py"
                                ],
                                "downstream": [
                                    "forge_zip.sh"
                                ]
                            },
                            "tboxingtbox.sh": {
                                "type": "leaf",
                                "requires": [
                                    "tbox.py"
                                ],
                                "upstream": [
                                    "test_agent.py"
                                ],
                                "downstream": [
                                    "forge_zip.sh"
                                ]
                            },
                            "wake.sh": {
                                "type": "leaf",
                                "requires": [
                                    "awareness model"
                                ],
                                "upstream": [],
                                "downstream": [
                                    "phoenix_terminal.py"
                                ]
                            },
                            "ignite.sh": {
                                "type": "leaf",
                                "requires": [
                                    "starter script"
                                ],
                                "upstream": [],
                                "downstream": [
                                    "agents/*"
                                ]
                            }
                        }
                    }
                }
            },
            "security": {
                "type": "branch",
                "children": {
                    "codex.py": {
                        "type": "leaf",
                        "requires": [],
                        "upstream": [],
                        "downstream": [
                            "skywalk.py"
                        ]
                    },
                    "tbox.py": {
                        "type": "leaf",
                        "requires": [],
                        "upstream": [
                            "test_agent.py"
                        ],
                        "downstream": [
                            "forge_zip.sh"
                        ]
                    },
                    "vaulttime_lock.py": {
                        "type": "leaf",
                        "requires": [],
                        "upstream": [],
                        "downstream": [
                            "forge_zip.sh"
                        ]
                    }
                }
            },
            "docs": {
                "type": "branch",
                "children": {
                    "README.md": {
                        "type": "leaf",
                        "upstream": [],
                        "downstream": []
                    },
                    "LICENSING.txt": {
                        "type": "leaf",
                        "upstream": [],
                        "downstream": []
                    },
                    "SYSTEM_OVERVIEW.md": {
                        "type": "leaf",
                        "upstream": [],
                        "downstream": []
                    }
                }
            },
            "manifest.json": {
                "type": "leaf",
                "upstream": [
                    "ALL"
                ],
                "downstream": []
            },
            "README.md": {
                "type": "leaf",
                "upstream": [],
                "downstream": []
            }
        }
    }
}