{
  "name": "prometheus_async_engine",
  "version": "1.0.0",
  "description": "Prometheus Runtime Async Engine (Web Worker + fallback, cancellable, idempotent)",
  "bindings": [
    "Prometheus Runtime",
    "Prometheus Project",
    "All Projects"
  ],
  "files": [
    "services/prometheus_async_engine.ts"
  ],
  "capabilities": {
    "web_worker": true,
    "fallback": true,
    "abort": true,
    "timeout": true,
    "progress": true
  },
  "policies": {
    "tier": "Tier-1++",
    "vaulttime_manifest": true,
    "codex_locked": true
  }
}