{
  "created_at": "2025-09-03T16:11:16.269471Z",
  "files": [
    {
      "binary": false,
      "has_placeholder": false,
      "mode": 420,
      "mtime": 1756915875.0845518,
      "path": "README.md",
      "sha256": "861c8092b3e94fef21e3747aa449a9a7c7c221ab7ff89aa41ed234ca100c1073",
      "size": 1008
    },
    {
      "binary": false,
      "has_placeholder": false,
      "mode": 420,
      "mtime": 1756915875.0850196,
      "path": "LICENSE",
      "sha256": "d918070d0637530e70baa663b87f6346f51c33bbb9b7fe5ffdec9e7bd5cff292",
      "size": 199
    },
    {
      "binary": false,
      "has_placeholder": false,
      "mode": 420,
      "mtime": 1756915875.085305,
      "path": "NOTICE",
      "sha256": "870dedaa3f4ae5b07edd41cd774bdf1ee21d031b1bfb86406baed0491365d9a9",
      "size": 194
    },
    {
      "binary": false,
      "has_placeholder": false,
      "mode": 420,
      "mtime": 1756915875.0854619,
      "path": ".gitignore",
      "sha256": "23c8603176531a616749e1ca740639f4ac0b0fa4b543d218fee1a153c3db6fd4",
      "size": 79
    },
    {
      "binary": false,
      "has_placeholder": false,
      "mode": 420,
      "mtime": 1756915875.0855763,
      "path": ".editorconfig",
      "sha256": "dda16a291e7ff89f03e6f67c90545b61f647887c72a6e3073e0d051fbcb4b47c",
      "size": 146
    },
    {
      "binary": false,
      "has_placeholder": false,
      "mode": 420,
      "mtime": 1756915875.0856729,
      "path": ".prettierrc.json",
      "sha256": "99b302d30a551c69df7def0c4e2328ae1105c0fa43c25d1e537ea05afc325991",
      "size": 89
    },
    {
      "binary": false,
      "has_placeholder": false,
      "mode": 420,
      "mtime": 1756915875.085823,
      "path": ".eslintrc.cjs",
      "sha256": "24bab3c74ecd48af98ae93e068b9aff7c527444402f3e2cf9686028d87cec7e5",
      "size": 505
    },
    {
      "binary": false,
      "has_placeholder": false,
      "mode": 420,
      "mtime": 1756915875.086219,
      "path": "commitlint.config.cjs",
      "sha256": "eda2b3989c752320cce88af66b8d488ca4c6f8c417fcd3b9f4e8fd54fbda9284",
      "size": 67
    },
    {
      "binary": false,
      "has_placeholder": false,
      "mode": 420,
      "mtime": 1756915875.08657,
      "path": "package.json",
      "sha256": "5f0eb6a2bb25f21b76645d114024b3d8e150d9645ccc8dbd2752cb90af5b80f9",
      "size": 1153
    },
    {
      "binary": false,
      "has_placeholder": false,
      "mode": 420,
      "mtime": 1756915875.088049,
      "path": "MONETIZATION.md",
      "sha256": "9dfa90975bbf673854e710d7174421e30d4823bdec49e8915ad138c1ab8b47b1",
      "size": 223
    },
    {
      "binary": false,
      "has_placeholder": false,
      "mode": 420,
      "mtime": 1756915875.0885394,
      "path": "SECURITY.md",
      "sha256": "54ec7b6c974dd6ce44a7bd122843d7e90fac07dc2c905a3d226d67be451cfa7b",
      "size": 126
    },
    {
      "binary": false,
      "has_placeholder": false,
      "mode": 420,
      "mtime": 1756915875.0887167,
      "path": "CONTRIBUTING.md",
      "sha256": "7bcaaeb13dc7384b5c57c80f96542045f84971ee7d7c5977f47e5309f1879ad9",
      "size": 77
    },
    {
      "binary": false,
      "has_placeholder": false,
      "mode": 420,
      "mtime": 1756915875.088825,
      "path": "CODE_OF_CONDUCT.md",
      "sha256": "b3d19b39e66a34fa6a47b9261e884fb28c5b932b675c70bdebe274ca31ee7b2e",
      "size": 62
    },
    {
      "binary": false,
      "has_placeholder": false,
      "mode": 420,
      "mtime": 1756915875.1932173,
      "path": "SBOM.json",
      "sha256": "98f6c318ee3156f92bbb8f08c957973b513e1c43c1dc57116ed7ce77bf44300b",
      "size": 107
    },
    {
      "binary": false,
      "has_placeholder": false,
      "mode": 420,
      "mtime": 1756915875.1934302,
      "path": "project_manifest.md",
      "sha256": "b71eb1e757e7dae7f06aa221d714291e0065c42facaba4be64eeae156b582b67",
      "size": 67
    },
    {
      "binary": false,
      "has_placeholder": false,
      "mode": 420,
      "mtime": 1756915875.6748664,
      "path": "package.json.manifest",
      "sha256": "851935c83ff799f689cfe15213ac08176f70b832860e2132e7726e80b46ff45f",
      "size": 163
    },
    {
      "binary": false,
      "has_placeholder": false,
      "mode": 493,
      "mtime": 1756915875.6749105,
      "path": "package.json.test",
      "sha256": "59cfb0939e352aedec29c124b262ce114c411bd11459de47fc241474ca6e23f7",
      "size": 559
    },
    {
      "binary": false,
      "has_placeholder": false,
      "mode": 420,
      "mtime": 1756915875.6759474,
      "path": "README.md.manifest",
      "sha256": "9ce6bd4a96809c40157b6715db94ca8c3ba500a2f562e2a095d0b89fc81c41da",
      "size": 160
    },
    {
      "binary": false,
      "has_placeholder": false,
      "mode": 493,
      "mtime": 1756915875.6760306,
      "path": "README.md.test",
      "sha256": "59cfb0939e352aedec29c124b262ce114c411bd11459de47fc241474ca6e23f7",
      "size": 559
    },
    {
      "binary": false,
      "has_placeholder": false,
      "mode": 420,
      "mtime": 1756915875.6850948,
      "path": "MONETIZATION.md.manifest",
      "sha256": "19e7a873926a7f66c02d75ef97dc6599f410bf120aa4048bae043b896efc8ed2",
      "size": 165
    },
    {
      "binary": false,
      "has_placeholder": false,
      "mode": 493,
      "mtime": 1756915875.685137,
      "path": "MONETIZATION.md.test",
      "sha256": "59cfb0939e352aedec29c124b262ce114c411bd11459de47fc241474ca6e23f7",
      "size": 559
    },
    {
      "binary": false,
      "has_placeholder": false,
      "mode": 420,
      "mtime": 1756915875.6908398,
      "path": "SECURITY.md.manifest",
      "sha256": "7d24ac2fffb6b86c178eb487516cf57a9155b342b1049ac86c418b645fbb8341",
      "size": 161
    },
    {
      "binary": false,
      "has_placeholder": false,
      "mode": 493,
      "mtime": 1756915875.6909196,
      "path": "SECURITY.md.test",
      "sha256": "59cfb0939e352aedec29c124b262ce114c411bd11459de47fc241474ca6e23f7",
      "size": 559
    },
    {
      "binary": false,
      "has_placeholder": false,
      "mode": 420,
      "mtime": 1756915875.6912458,
      "path": "SBOM.json.manifest",
      "sha256": "967f4f5904b16f00e693d6101a97cc988da25bebdad5f363d6662b2e942335ea",
      "size": 159
    },
    {
      "binary": false,
      "has_placeholder": false,
      "mode": 493,
      "mtime": 1756915875.6912942,
      "path": "SBOM.json.test",
      "sha256": "59cfb0939e352aedec29c124b262ce114c411bd11459de47fc241474ca6e23f7",
      "size": 559
    },
    {
      "binary": false,
      "has_placeholder": false,
      "mode": 420,
      "mtime": 1756915875.6915736,
      "path": ".prettierrc.json.manifest",
      "sha256": "4efff9c13cb27d2a86fbd4fc9bbbe3a1d833e22d14a2f6a3176d9a1043457a12",
      "size": 166
    },
    {
      "binary": false,
      "has_placeholder": false,
      "mode": 493,
      "mtime": 1756915875.691627,
      "path": ".prettierrc.json.test",
      "sha256": "59cfb0939e352aedec29c124b262ce114c411bd11459de47fc241474ca6e23f7",
      "size": 559
    },
    {
      "binary": false,
      "has_placeholder": false,
      "mode": 420,
      "mtime": 1756915875.691978,
      "path": "CONTRIBUTING.md.manifest",
      "sha256": "a0dbe2a2acc34b365a4473858a98449291ac0644ea3592c2bd66a937c1303d30",
      "size": 165
    },
    {
      "binary": false,
      "has_placeholder": false,
      "mode": 493,
      "mtime": 1756915875.6920385,
      "path": "CONTRIBUTING.md.test",
      "sha256": "59cfb0939e352aedec29c124b262ce114c411bd11459de47fc241474ca6e23f7",
      "size": 559
    },
    {
      "binary": false,
      "has_placeholder": false,
      "mode": 420,
      "mtime": 1756915875.6923,
      "path": "project_manifest.md.manifest",
      "sha256": "9e09738c641ba4c1f84e271170836f418ea0924ef1177e73eed4c1b354a1e2d2",
      "size": 169
    },
    {
      "binary": false,
      "has_placeholder": false,
      "mode": 493,
      "mtime": 1756915875.6923552,
      "path": "project_manifest.md.test",
      "sha256": "59cfb0939e352aedec29c124b262ce114c411bd11459de47fc241474ca6e23f7",
      "size": 559
    },
    {
      "binary": false,
      "has_placeholder": false,
      "mode": 420,
      "mtime": 1756915875.6926277,
      "path": "CODE_OF_CONDUCT.md.manifest",
      "sha256": "42ec7bb749725a5d9479ce14bf425932712866336cef441d2cdc114cffe2ee60",
      "size": 168
    },
    {
      "binary": false,
      "has_placeholder": false,
      "mode": 493,
      "mtime": 1756915875.6926682,
      "path": "CODE_OF_CONDUCT.md.test",
      "sha256": "59cfb0939e352aedec29c124b262ce114c411bd11459de47fc241474ca6e23f7",
      "size": 559
    },
    {
      "binary": false,
      "has_placeholder": false,
      "mode": 420,
      "mtime": 1756915875.0889812,
      "path": "branding/BRAND.md",
      "sha256": "124f59f4d63cdd7223e1c0c4d13dd07e4f6772f7df02b37b91e19dc04e4937a7",
      "size": 190
    },
    {
      "binary": false,
      "has_placeholder": false,
      "mode": 420,
      "mtime": 1756915875.089332,
      "path": "branding/logo.svg",
      "sha256": "210091b5af36bf099e5a8201d80ced5bbfae5fa2801c2cfc4ce0c569d97e3943",
      "size": 211
    },
    {
      "binary": false,
      "has_placeholder": false,
      "mode": 420,
      "mtime": 1756915875.6869211,
      "path": "branding/BRAND.md.manifest",
      "sha256": "393e401ad1d214d78464c8c5c4c14c1d40fe34094c742fb24c3eeb1af2a58334",
      "size": 167
    },
    {
      "binary": false,
      "has_placeholder": false,
      "mode": 493,
      "mtime": 1756915875.6869838,
      "path": "branding/BRAND.md.test",
      "sha256": "59cfb0939e352aedec29c124b262ce114c411bd11459de47fc241474ca6e23f7",
      "size": 559
    },
    {
      "binary": false,
      "has_placeholder": false,
      "mode": 420,
      "mtime": 1756915875.089759,
      "path": "vaulttime/manifest.codex.json",
      "sha256": "a4baad9a6471d199e3510d5283c3f14500f023af91b14bb8766964862eeb463f",
      "size": 357
    },
    {
      "binary": false,
      "has_placeholder": false,
      "mode": 420,
      "mtime": 1756915875.0899222,
      "path": "vaulttime/vaulttime-sign.sh",
      "sha256": "c185cdceceba424494ab3630de19f5f9c11ff2f3782df4f7539cf88f201e9e4c",
      "size": 622
    },
    {
      "binary": false,
      "has_placeholder": false,
      "mode": 420,
      "mtime": 1756915875.679711,
      "path": "vaulttime/vaulttime-sign.sh.manifest",
      "sha256": "a1f42b76b44ba6d272e2316facc5122895b71ac729f47f66ea38b8c8e85c959a",
      "size": 178
    },
    {
      "binary": false,
      "has_placeholder": false,
      "mode": 493,
      "mtime": 1756915875.6797702,
      "path": "vaulttime/vaulttime-sign.sh.test",
      "sha256": "59cfb0939e352aedec29c124b262ce114c411bd11459de47fc241474ca6e23f7",
      "size": 559
    },
    {
      "binary": false,
      "has_placeholder": false,
      "mode": 420,
      "mtime": 1756915875.6820955,
      "path": "vaulttime/manifest.codex.json.manifest",
      "sha256": "abc6512cbdbc16747a200d3cba74ea36290fc0968147bdbceea89cd2c5ead1ca",
      "size": 180
    },
    {
      "binary": false,
      "has_placeholder": false,
      "mode": 493,
      "mtime": 1756915875.6821415,
      "path": "vaulttime/manifest.codex.json.test",
      "sha256": "59cfb0939e352aedec29c124b262ce114c411bd11459de47fc241474ca6e23f7",
      "size": 559
    },
    {
      "binary": false,
      "has_placeholder": false,
      "mode": 420,
      "mtime": 1756915875.0900583,
      "path": "policy/default.policy.jsonc",
      "sha256": "c32d6beb3ac926eae0d4c8786849690f0e099acfc7cc9e4c3d2bbb1820253a81",
      "size": 1045
    },
    {
      "binary": false,
      "has_placeholder": false,
      "mode": 420,
      "mtime": 1756915875.090288,
      "path": "policy/modes/SAFE.policy.jsonc",
      "sha256": "74992f2daffa6ce649838ee0425530ebdf222a1b6ff6f39126844e02198fcf6a",
      "size": 212
    },
    {
      "binary": false,
      "has_placeholder": false,
      "mode": 420,
      "mtime": 1756915875.0906017,
      "path": "policy/modes/PROD.policy.jsonc",
      "sha256": "dc15116dfa6421c2253eff4061a0fd98022218f28405e9db213c4dd269693b2e",
      "size": 194
    },
    {
      "binary": false,
      "has_placeholder": false,
      "mode": 420,
      "mtime": 1756915875.0908859,
      "path": "policy/modes/LAB.policy.jsonc",
      "sha256": "9973f96bc6fbc8c03fc7061619f1923c56f37265b7c7241738f326edd64d0d03",
      "size": 193
    },
    {
      "binary": false,
      "has_placeholder": false,
      "mode": 420,
      "mtime": 1756915875.091031,
      "path": "policy/modes/GODMODE.policy.jsonc",
      "sha256": "1fde89b444b594ec2aa9667c61c4d25f1b638b455607e0dfb980f138a54c748a",
      "size": 209
    },
    {
      "binary": false,
      "has_placeholder": false,
      "mode": 420,
      "mtime": 1756915875.09114,
      "path": "policy/modes/CINEMATIC.policy.jsonc",
      "sha256": "eb776b507d598ecc9c8fe78131defc0538107a74af728175762f1f9d3e738c94",
      "size": 195
    },
    {
      "binary": false,
      "has_placeholder": false,
      "mode": 420,
      "mtime": 1756915875.0913095,
      "path": "policy/sop/deploy.sop.yaml",
      "sha256": "9af4ef1f82a030ae1a7cba09a2cf20ef04a1ff5964b0c539d158b87fb042edba",
      "size": 377
    },
    {
      "binary": false,
      "has_placeholder": false,
      "mode": 420,
      "mtime": 1756915875.6817477,
      "path": "policy/sop/deploy.sop.yaml.manifest",
      "sha256": "093326580d181c45ef50909245b7f173bf452bc898738f3e457eb4dfe4e15cf0",
      "size": 177
    },
    {
      "binary": false,
      "has_placeholder": false,
      "mode": 493,
      "mtime": 1756915875.6818078,
      "path": "policy/sop/deploy.sop.yaml.test",
      "sha256": "59cfb0939e352aedec29c124b262ce114c411bd11459de47fc241474ca6e23f7",
      "size": 559
    },
    {
      "binary": false,
      "has_placeholder": false,
      "mode": 420,
      "mtime": 1756915875.0917373,
      "path": "runtime/smart.config.ts",
      "sha256": "c92c38018a4468566dd6b81e20ad1b02f519a071a969e945bbea217e59df797a",
      "size": 1057
    },
    {
      "binary": false,
      "has_placeholder": false,
      "mode": 493,
      "mtime": 1756915875.1900725,
      "path": "runtime/db_init.py",
      "sha256": "90730dbf81f225a832d5f5c0e3d96479a64f4de1ec6581978f5dd2b71e3da918",
      "size": 771
    },
    {
      "binary": false,
      "has_placeholder": false,
      "mode": 493,
      "mtime": 1756915875.1918592,
      "path": "runtime/secure_logging.py",
      "sha256": "3c69419d2c8bb834069d8fa45c7d0ffa1b981ddeecb96479ed47d3baa56a5c7f",
      "size": 657
    },
    {
      "binary": false,
      "has_placeholder": false,
      "mode": 420,
      "mtime": 1756915875.6752224,
      "path": "runtime/smart.config.ts.manifest",
      "sha256": "ee0f1c1f6d6a0dcdd61a8dd6ef208b7a0f5f0cdd890dc0012845c2097a1a70d8",
      "size": 174
    },
    {
      "binary": false,
      "has_placeholder": false,
      "mode": 493,
      "mtime": 1756915875.6752944,
      "path": "runtime/smart.config.ts.test",
      "sha256": "59cfb0939e352aedec29c124b262ce114c411bd11459de47fc241474ca6e23f7",
      "size": 559
    },
    {
      "binary": false,
      "has_placeholder": false,
      "mode": 420,
      "mtime": 1756915875.6775546,
      "path": "runtime/db_init.py.manifest",
      "sha256": "b060ca8bd1e14fa27a52f05b769af0285c4aaadc1bd10d824d9c73315d146746",
      "size": 169
    },
    {
      "binary": false,
      "has_placeholder": false,
      "mode": 493,
      "mtime": 1756915875.6775997,
      "path": "runtime/db_init.py.test",
      "sha256": "59cfb0939e352aedec29c124b262ce114c411bd11459de47fc241474ca6e23f7",
      "size": 559
    },
    {
      "binary": false,
      "has_placeholder": false,
      "mode": 420,
      "mtime": 1756915875.6779296,
      "path": "runtime/secure_logging.py.manifest",
      "sha256": "2fbb64ea010e485382c8c1c1597ab68b4f4b1c586c889bcd07e767fe81c8f76e",
      "size": 176
    },
    {
      "binary": false,
      "has_placeholder": false,
      "mode": 493,
      "mtime": 1756915875.6779962,
      "path": "runtime/secure_logging.py.test",
      "sha256": "59cfb0939e352aedec29c124b262ce114c411bd11459de47fc241474ca6e23f7",
      "size": 559
    },
    {
      "binary": false,
      "has_placeholder": false,
      "mode": 420,
      "mtime": 1756915875.0921328,
      "path": "runtime/policy/JSONC.ts",
      "sha256": "bf22a84e25bb48d38dbfac896f13a54eaf3db5e221bb5e0e9e1dfc99518c4cc4",
      "size": 182
    },
    {
      "binary": false,
      "has_placeholder": false,
      "mode": 420,
      "mtime": 1756915875.0924094,
      "path": "runtime/policy/PolicyEngine.ts",
      "sha256": "e0af45a1f371eccaf056cbcc65c9415edb332418e56c62096bee0f41e963f7df",
      "size": 1164
    },
    {
      "binary": false,
      "has_placeholder": false,
      "mode": 420,
      "mtime": 1756915875.6744692,
      "path": "runtime/policy/PolicyEngine.ts.manifest",
      "sha256": "30241514394de461f11bdba5a53a654b81bf9ffb0b8f46722a9ce31769939dc3",
      "size": 181
    },
    {
      "binary": false,
      "has_placeholder": false,
      "mode": 493,
      "mtime": 1756915875.6745472,
      "path": "runtime/policy/PolicyEngine.ts.test",
      "sha256": "59cfb0939e352aedec29c124b262ce114c411bd11459de47fc241474ca6e23f7",
      "size": 559
    },
    {
      "binary": false,
      "has_placeholder": false,
      "mode": 420,
      "mtime": 1756915875.6873617,
      "path": "runtime/policy/JSONC.ts.manifest",
      "sha256": "341225d659d3c2f7b6080284b02f50cd07f0ca6df4df959d8d01a4921a83cc95",
      "size": 173
    },
    {
      "binary": false,
      "has_placeholder": false,
      "mode": 493,
      "mtime": 1756915875.6874084,
      "path": "runtime/policy/JSONC.ts.test",
      "sha256": "59cfb0939e352aedec29c124b262ce114c411bd11459de47fc241474ca6e23f7",
      "size": 559
    },
    {
      "binary": false,
      "has_placeholder": false,
      "mode": 420,
      "mtime": 1756915875.0930357,
      "path": "runtime/enforcers/CapabilityEnforcer.ts",
      "sha256": "97bde79e899e888cf5792f915a1d2ac9e1957bcdb3fe1de2b055c07363a6dc03",
      "size": 324
    },
    {
      "binary": false,
      "has_placeholder": false,
      "mode": 420,
      "mtime": 1756915875.093183,
      "path": "runtime/enforcers/QuotaEnforcer.ts",
      "sha256": "f9edaf94160f5ef3215da70cddb247620c55d233564a138e130eb30a718c03b4",
      "size": 611
    },
    {
      "binary": false,
      "has_placeholder": false,
      "mode": 420,
      "mtime": 1756915875.0933082,
      "path": "runtime/enforcers/DLPEnforcer.ts",
      "sha256": "0216c481ff2c2fa2d7516ae3e708b2eeca7913e10609e1edb1404ec710e41d91",
      "size": 636
    },
    {
      "binary": false,
      "has_placeholder": false,
      "mode": 420,
      "mtime": 1756915875.6788378,
      "path": "runtime/enforcers/DLPEnforcer.ts.manifest",
      "sha256": "bd255896375320eae366c899bbf6bdb2cdd7a3d41c63cb303200cb7cacb04beb",
      "size": 183
    },
    {
      "binary": false,
      "has_placeholder": false,
      "mode": 493,
      "mtime": 1756915875.6789298,
      "path": "runtime/enforcers/DLPEnforcer.ts.test",
      "sha256": "59cfb0939e352aedec29c124b262ce114c411bd11459de47fc241474ca6e23f7",
      "size": 559
    },
    {
      "binary": false,
      "has_placeholder": false,
      "mode": 420,
      "mtime": 1756915875.6800938,
      "path": "runtime/enforcers/QuotaEnforcer.ts.manifest",
      "sha256": "7729699da4e918aae5a10d88d728bbcb948f6e4cbe2b210a44ada36bf8169eca",
      "size": 185
    },
    {
      "binary": false,
      "has_placeholder": false,
      "mode": 493,
      "mtime": 1756915875.680154,
      "path": "runtime/enforcers/QuotaEnforcer.ts.test",
      "sha256": "59cfb0939e352aedec29c124b262ce114c411bd11459de47fc241474ca6e23f7",
      "size": 559
    },
    {
      "binary": false,
      "has_placeholder": false,
      "mode": 420,
      "mtime": 1756915875.6834035,
      "path": "runtime/enforcers/CapabilityEnforcer.ts.manifest",
      "sha256": "d6dfda456faf38e780939fa36c18044c0c36f6466b0105a8690e176a68817eb1",
      "size": 189
    },
    {
      "binary": false,
      "has_placeholder": false,
      "mode": 493,
      "mtime": 1756915875.6835313,
      "path": "runtime/enforcers/CapabilityEnforcer.ts.test",
      "sha256": "59cfb0939e352aedec29c124b262ce114c411bd11459de47fc241474ca6e23f7",
      "size": 559
    },
    {
      "binary": false,
      "has_placeholder": false,
      "mode": 420,
      "mtime": 1756915875.0935557,
      "path": "runtime/hal/HAL.ts",
      "sha256": "9aa2231a289bcc5b5f74146ac603855b84d7f288f841ceaba5cf70d6a93f76c9",
      "size": 813
    },
    {
      "binary": false,
      "has_placeholder": false,
      "mode": 420,
      "mtime": 1756915875.6765816,
      "path": "runtime/hal/HAL.ts.manifest",
      "sha256": "f0c2019e28a35d04aac30a4cef1be017570df17031447af89c8b11e5e3676b75",
      "size": 169
    },
    {
      "binary": false,
      "has_placeholder": false,
      "mode": 493,
      "mtime": 1756915875.6767251,
      "path": "runtime/hal/HAL.ts.test",
      "sha256": "59cfb0939e352aedec29c124b262ce114c411bd11459de47fc241474ca6e23f7",
      "size": 559
    },
    {
      "binary": false,
      "has_placeholder": false,
      "mode": 420,
      "mtime": 1756915875.0937822,
      "path": "runtime/cli/prom.ts",
      "sha256": "17873943d1b721aac30ca90d2cb11e9372e47c4442ba24e98f0cce1e583dbb17",
      "size": 808
    },
    {
      "binary": false,
      "has_placeholder": false,
      "mode": 420,
      "mtime": 1756915875.6770947,
      "path": "runtime/cli/prom.ts.manifest",
      "sha256": "0376fa26769c628c9ab76d0c432da3de9a4ce22d02d37bcac9d6a86a973823ef",
      "size": 170
    },
    {
      "binary": false,
      "has_placeholder": false,
      "mode": 493,
      "mtime": 1756915875.677211,
      "path": "runtime/cli/prom.ts.test",
      "sha256": "59cfb0939e352aedec29c124b262ce114c411bd11459de47fc241474ca6e23f7",
      "size": 559
    },
    {
      "binary": false,
      "has_placeholder": false,
      "mode": 420,
      "mtime": 1756915875.189615,
      "path": "runtime/db/001_init.sql",
      "sha256": "a0466950e328b2b7d35cc34d5320dc5a96c2e7aedea97154094d8689861b2846",
      "size": 1019
    },
    {
      "binary": true,
      "has_placeholder": false,
      "mode": 420,
      "mtime": 1756915875.693417,
      "path": "runtime/db/prometheus_runtime.db",
      "sha256": "677083785fbec475f2a2a78cf2d77b75e3bd3ff23417c541d091d6ed04f90d1c",
      "size": 36864
    },
    {
      "binary": false,
      "has_placeholder": false,
      "mode": 420,
      "mtime": 1756915875.6755648,
      "path": "runtime/db/001_init.sql.manifest",
      "sha256": "6320b2d0b4d3a6fba654d1d9e3db06ba33b84919882996f1f63f4eba03a776e4",
      "size": 174
    },
    {
      "binary": false,
      "has_placeholder": false,
      "mode": 493,
      "mtime": 1756915875.6756094,
      "path": "runtime/db/001_init.sql.test",
      "sha256": "59cfb0939e352aedec29c124b262ce114c411bd11459de47fc241474ca6e23f7",
      "size": 559
    },
    {
      "binary": false,
      "has_placeholder": false,
      "mode": 493,
      "mtime": 1756915875.1906884,
      "path": "runtime/storage/storage_adapter.py",
      "sha256": "e2b86866147c803a0ec3c013aaf8311f92510c28faa8b4f6e22ba68020331cef",
      "size": 1675
    },
    {
      "binary": false,
      "has_placeholder": false,
      "mode": 420,
      "mtime": 1756915875.6734958,
      "path": "runtime/storage/storage_adapter.py.manifest",
      "sha256": "a6b7d610c9cd03e09dce12f5401d68309950b75f96713adf58183050b9a71a68",
      "size": 185
    },
    {
      "binary": false,
      "has_placeholder": false,
      "mode": 493,
      "mtime": 1756915875.6735704,
      "path": "runtime/storage/storage_adapter.py.test",
      "sha256": "59cfb0939e352aedec29c124b262ce114c411bd11459de47fc241474ca6e23f7",
      "size": 559
    },
    {
      "binary": false,
      "has_placeholder": false,
      "mode": 420,
      "mtime": 1756915875.093965,
      "path": "backend/functions/package.json",
      "sha256": "8de2040688b7e7482effe4cbcdba5a7c9f2eb572f60b123acfe74fe832efcdfe",
      "size": 346
    },
    {
      "binary": false,
      "has_placeholder": false,
      "mode": 420,
      "mtime": 1756915875.0941043,
      "path": "backend/functions/tsconfig.json",
      "sha256": "ee770e32ce66d39f572849bef113d03cdc4ec7d7e884dc58caab56c1448e13cd",
      "size": 150
    },
    {
      "binary": false,
      "has_placeholder": false,
      "mode": 420,
      "mtime": 1756915875.6825216,
      "path": "backend/functions/package.json.manifest",
      "sha256": "0938a9d79ed9dc23282e72a36a4f478a293ac42b19a64b34a1fe55bc6c63ffa6",
      "size": 181
    },
    {
      "binary": false,
      "has_placeholder": false,
      "mode": 493,
      "mtime": 1756915875.682599,
      "path": "backend/functions/package.json.test",
      "sha256": "59cfb0939e352aedec29c124b262ce114c411bd11459de47fc241474ca6e23f7",
      "size": 559
    },
    {
      "binary": false,
      "has_placeholder": false,
      "mode": 420,
      "mtime": 1756915875.690436,
      "path": "backend/functions/tsconfig.json.manifest",
      "sha256": "e553348588ff5858c3a14271420587c16de87197040539a2593514a554867d08",
      "size": 181
    },
    {
      "binary": false,
      "has_placeholder": false,
      "mode": 493,
      "mtime": 1756915875.6904817,
      "path": "backend/functions/tsconfig.json.test",
      "sha256": "59cfb0939e352aedec29c124b262ce114c411bd11459de47fc241474ca6e23f7",
      "size": 559
    },
    {
      "binary": false,
      "has_placeholder": false,
      "mode": 420,
      "mtime": 1756915875.094563,
      "path": "backend/functions/src/index.ts",
      "sha256": "1be9b522cfc87d92b7aeb783ad014ff76c960e02e3c2cacab828f6891df7f335",
      "size": 1541
    },
    {
      "binary": false,
      "has_placeholder": false,
      "mode": 420,
      "mtime": 1756915875.6740232,
      "path": "backend/functions/src/index.ts.manifest",
      "sha256": "3c1d0118ee492820cf68057d79d4980b26d6e283ef4bcb9f897e85ef55cef14a",
      "size": 181
    },
    {
      "binary": false,
      "has_placeholder": false,
      "mode": 493,
      "mtime": 1756915875.6741407,
      "path": "backend/functions/src/index.ts.test",
      "sha256": "59cfb0939e352aedec29c124b262ce114c411bd11459de47fc241474ca6e23f7",
      "size": 559
    },
    {
      "binary": false,
      "has_placeholder": false,
      "mode": 420,
      "mtime": 1756915875.0947735,
      "path": "packages/linux-terminal/package.json",
      "sha256": "f390938457390e9ed48bfa4eae57414f8ea7220111543e538cced9cd37475f4d",
      "size": 168
    },
    {
      "binary": false,
      "has_placeholder": false,
      "mode": 420,
      "mtime": 1756915875.6881914,
      "path": "packages/linux-terminal/package.json.manifest",
      "sha256": "864cac8c0cc135a254fea497c207d475646a6710f4155502969a7a3b5cc769bd",
      "size": 186
    },
    {
      "binary": false,
      "has_placeholder": false,
      "mode": 493,
      "mtime": 1756915875.6882634,
      "path": "packages/linux-terminal/package.json.test",
      "sha256": "59cfb0939e352aedec29c124b262ce114c411bd11459de47fc241474ca6e23f7",
      "size": 559
    },
    {
      "binary": false,
      "has_placeholder": false,
      "mode": 420,
      "mtime": 1756915875.0949512,
      "path": "packages/linux-terminal/src/index.ts",
      "sha256": "40c5ecdf1edda9672870b349e249cf660b37a27cb4fbf2d88283c0a74b31eb23",
      "size": 628
    },
    {
      "binary": false,
      "has_placeholder": false,
      "mode": 420,
      "mtime": 1756915875.6792872,
      "path": "packages/linux-terminal/src/index.ts.manifest",
      "sha256": "9944c0e572f68b9183555079c73ebb6812ef3d3c86fe86198729160e846717f4",
      "size": 187
    },
    {
      "binary": false,
      "has_placeholder": false,
      "mode": 493,
      "mtime": 1756915875.6793582,
      "path": "packages/linux-terminal/src/index.ts.test",
      "sha256": "59cfb0939e352aedec29c124b262ce114c411bd11459de47fc241474ca6e23f7",
      "size": 559
    },
    {
      "binary": false,
      "has_placeholder": false,
      "mode": 420,
      "mtime": 1756915875.095081,
      "path": "packages/compiler/package.json",
      "sha256": "5941cd7658f7212e539ded21e2e8e5872da1be0be14eefec17fc9d127ac2f992",
      "size": 249
    },
    {
      "binary": false,
      "has_placeholder": false,
      "mode": 420,
      "mtime": 1756915875.0952005,
      "path": "packages/compiler/tsconfig.json",
      "sha256": "9791cd711c297bb794bb8fdef848e3a63164f0a69e8d3b9b543097f5be6b5718",
      "size": 152
    },
    {
      "binary": false,
      "has_placeholder": false,
      "mode": 420,
      "mtime": 1756915875.6843543,
      "path": "packages/compiler/package.json.manifest",
      "sha256": "c69121d80e94b1cceb8dbfad392dae166c1ffaca6aae4e6b7dc5b6d931728d96",
      "size": 181
    },
    {
      "binary": false,
      "has_placeholder": false,
      "mode": 493,
      "mtime": 1756915875.6844308,
      "path": "packages/compiler/package.json.test",
      "sha256": "59cfb0939e352aedec29c124b262ce114c411bd11459de47fc241474ca6e23f7",
      "size": 559
    },
    {
      "binary": false,
      "has_placeholder": false,
      "mode": 420,
      "mtime": 1756915875.6897237,
      "path": "packages/compiler/tsconfig.json.manifest",
      "sha256": "41f0570b72ccdf46268815708dea2e0658e41a186bd76ea5436a03b5edd47532",
      "size": 181
    },
    {
      "binary": false,
      "has_placeholder": false,
      "mode": 493,
      "mtime": 1756915875.68977,
      "path": "packages/compiler/tsconfig.json.test",
      "sha256": "59cfb0939e352aedec29c124b262ce114c411bd11459de47fc241474ca6e23f7",
      "size": 559
    },
    {
      "binary": false,
      "has_placeholder": false,
      "mode": 420,
      "mtime": 1756915875.0953226,
      "path": "packages/compiler/src/index.ts",
      "sha256": "43957e3d11ab6f20306967e2a7f1f45eea77ba25a1964d9af1455af6979229da",
      "size": 227
    },
    {
      "binary": false,
      "has_placeholder": false,
      "mode": 420,
      "mtime": 1756915875.6847465,
      "path": "packages/compiler/src/index.ts.manifest",
      "sha256": "76b3c7c218e66d35b379cc822e0d8094d2bc6b15937da0ddb88077db32810e19",
      "size": 180
    },
    {
      "binary": false,
      "has_placeholder": false,
      "mode": 493,
      "mtime": 1756915875.684795,
      "path": "packages/compiler/src/index.ts.test",
      "sha256": "59cfb0939e352aedec29c124b262ce114c411bd11459de47fc241474ca6e23f7",
      "size": 559
    },
    {
      "binary": false,
      "has_placeholder": false,
      "mode": 420,
      "mtime": 1756915875.0954492,
      "path": "packages/testing/package.json",
      "sha256": "80f4ce247e7aa7840a81bf2a0dbf68d35920106be0feaef7b78820220ae4ebb3",
      "size": 155
    },
    {
      "binary": false,
      "has_placeholder": false,
      "mode": 420,
      "mtime": 1756915875.6891856,
      "path": "packages/testing/package.json.manifest",
      "sha256": "3261e7a35ea6b14f849810fded6a13c0a2a22a48037987cfdc487cbae976176f",
      "size": 179
    },
    {
      "binary": false,
      "has_placeholder": false,
      "mode": 493,
      "mtime": 1756915875.6893125,
      "path": "packages/testing/package.json.test",
      "sha256": "59cfb0939e352aedec29c124b262ce114c411bd11459de47fc241474ca6e23f7",
      "size": 559
    },
    {
      "binary": false,
      "has_placeholder": false,
      "mode": 420,
      "mtime": 1756915875.105991,
      "path": "packages/testing/src/index.js",
      "sha256": "730c507dcaaaba99e57251b772edc29227c45e4eef370f9c04f929621dedd0a4",
      "size": 210
    },
    {
      "binary": false,
      "has_placeholder": false,
      "mode": 420,
      "mtime": 1756915875.6858616,
      "path": "packages/testing/src/index.js.manifest",
      "sha256": "30b58f1ef4a04b565c47ad366e716dd191315a4b7127ecd1a22b509e004379c6",
      "size": 180
    },
    {
      "binary": false,
      "has_placeholder": false,
      "mode": 493,
      "mtime": 1756915875.685931,
      "path": "packages/testing/src/index.js.test",
      "sha256": "59cfb0939e352aedec29c124b262ce114c411bd11459de47fc241474ca6e23f7",
      "size": 559
    },
    {
      "binary": false,
      "has_placeholder": false,
      "mode": 420,
      "mtime": 1756915875.1069045,
      "path": "packages/danger-lab/package.json",
      "sha256": "025c36636cd2c049d8e35b27fcb1a460f7b5dbc9ebe09110627799e4a3b27bb8",
      "size": 164
    },
    {
      "binary": false,
      "has_placeholder": false,
      "mode": 420,
      "mtime": 1756915875.6885955,
      "path": "packages/danger-lab/package.json.manifest",
      "sha256": "b00af553d475f605b6c6608305c0494e95b953f45acd6720de453d6ed8fd5e58",
      "size": 182
    },
    {
      "binary": false,
      "has_placeholder": false,
      "mode": 493,
      "mtime": 1756915875.6886897,
      "path": "packages/danger-lab/package.json.test",
      "sha256": "59cfb0939e352aedec29c124b262ce114c411bd11459de47fc241474ca6e23f7",
      "size": 559
    },
    {
      "binary": false,
      "has_placeholder": false,
      "mode": 420,
      "mtime": 1756915875.1072173,
      "path": "packages/danger-lab/src/index.ts",
      "sha256": "a3791bf92d0cf7d589f81962a74932e61a03fd9b67763e6ff264396c2b8b91c2",
      "size": 169
    },
    {
      "binary": false,
      "has_placeholder": false,
      "mode": 420,
      "mtime": 1756915875.687724,
      "path": "packages/danger-lab/src/index.ts.manifest",
      "sha256": "a0cf6b3f8dca3548dc45f64eb91f212282442b285656197744d09a0bf5626f4f",
      "size": 182
    },
    {
      "binary": false,
      "has_placeholder": false,
      "mode": 493,
      "mtime": 1756915875.6878574,
      "path": "packages/danger-lab/src/index.ts.test",
      "sha256": "59cfb0939e352aedec29c124b262ce114c411bd11459de47fc241474ca6e23f7",
      "size": 559
    },
    {
      "binary": false,
      "has_placeholder": false,
      "mode": 420,
      "mtime": 1756915875.1073704,
      "path": "packages/workspace/package.json",
      "sha256": "d522c67b86eb4fd46d1b112fffac63a8f275017818d8f6d7bde1afcefe608d06",
      "size": 220
    },
    {
      "binary": false,
      "has_placeholder": false,
      "mode": 420,
      "mtime": 1756915875.1074653,
      "path": "packages/workspace/tsconfig.json",
      "sha256": "9791cd711c297bb794bb8fdef848e3a63164f0a69e8d3b9b543097f5be6b5718",
      "size": 152
    },
    {
      "binary": false,
      "has_placeholder": false,
      "mode": 420,
      "mtime": 1756915875.6854382,
      "path": "packages/workspace/package.json.manifest",
      "sha256": "8a4a543da365b9df9d17d00b8f22dff2dda07ff000be83c7f1c3429acfa82f2e",
      "size": 182
    },
    {
      "binary": false,
      "has_placeholder": false,
      "mode": 493,
      "mtime": 1756915875.6855283,
      "path": "packages/workspace/package.json.test",
      "sha256": "59cfb0939e352aedec29c124b262ce114c411bd11459de47fc241474ca6e23f7",
      "size": 559
    },
    {
      "binary": false,
      "has_placeholder": false,
      "mode": 420,
      "mtime": 1756915875.6900792,
      "path": "packages/workspace/tsconfig.json.manifest",
      "sha256": "c1d6d42ec4e33890beeaf3fce2175f13810a3fb46fcafaafef0678ec406c2779",
      "size": 182
    },
    {
      "binary": false,
      "has_placeholder": false,
      "mode": 493,
      "mtime": 1756915875.690125,
      "path": "packages/workspace/tsconfig.json.test",
      "sha256": "59cfb0939e352aedec29c124b262ce114c411bd11459de47fc241474ca6e23f7",
      "size": 559
    },
    {
      "binary": false,
      "has_placeholder": false,
      "mode": 420,
      "mtime": 1756915875.1075976,
      "path": "packages/workspace/src/chat_bind.ts",
      "sha256": "00fbd0d44b763017b08e30cf18c923947f45dbeb800c05d8b566e5b60e8903b3",
      "size": 585
    },
    {
      "binary": false,
      "has_placeholder": false,
      "mode": 420,
      "mtime": 1756915875.1077034,
      "path": "packages/workspace/src/index.ts",
      "sha256": "dec27c7a748a577c631ea8855c5e0d8e032667685d195b418f0faa9b98ee6997",
      "size": 203
    },
    {
      "binary": false,
      "has_placeholder": false,
      "mode": 420,
      "mtime": 1756915875.6806896,
      "path": "packages/workspace/src/chat_bind.ts.manifest",
      "sha256": "5f8b7166ecdeed0d8aa1065995329a108f5020e8d044c07334e785e396e773d9",
      "size": 186
    },
    {
      "binary": false,
      "has_placeholder": false,
      "mode": 493,
      "mtime": 1756915875.680774,
      "path": "packages/workspace/src/chat_bind.ts.test",
      "sha256": "59cfb0939e352aedec29c124b262ce114c411bd11459de47fc241474ca6e23f7",
      "size": 559
    },
    {
      "binary": false,
      "has_placeholder": false,
      "mode": 420,
      "mtime": 1756915875.6863804,
      "path": "packages/workspace/src/index.ts.manifest",
      "sha256": "77fab23ae1e0f08b9901bb620490bf6af9d94978c42c530b06b4fced5418c89c",
      "size": 181
    },
    {
      "binary": false,
      "has_placeholder": false,
      "mode": 493,
      "mtime": 1756915875.6864934,
      "path": "packages/workspace/src/index.ts.test",
      "sha256": "59cfb0939e352aedec29c124b262ce114c411bd11459de47fc241474ca6e23f7",
      "size": 559
    },
    {
      "binary": false,
      "has_placeholder": false,
      "mode": 420,
      "mtime": 1756915875.1079302,
      "path": ".github/workflows/ci.yml",
      "sha256": "e5a7a1966bb3ab8fe0e1f1d1e17a25f5ef6f18dbbddd7c3fef6b3eae11458fd2",
      "size": 335
    },
    {
      "binary": false,
      "has_placeholder": false,
      "mode": 420,
      "mtime": 1756915875.6830091,
      "path": ".github/workflows/ci.yml.manifest",
      "sha256": "a2a25a4f4221f8954448596b6975ba48956effa537e09d25fbf8df1a68543da5",
      "size": 175
    },
    {
      "binary": false,
      "has_placeholder": false,
      "mode": 493,
      "mtime": 1756915875.6830769,
      "path": ".github/workflows/ci.yml.test",
      "sha256": "59cfb0939e352aedec29c124b262ce114c411bd11459de47fc241474ca6e23f7",
      "size": 559
    },
    {
      "binary": false,
      "has_placeholder": false,
      "mode": 420,
      "mtime": 1756915875.108093,
      "path": "scripts/ci/smart-ci.mjs",
      "sha256": "f4ef1aa8e51ebbdea05bf7b6b946b32cefb29c66a5bb9892bb27a391862da0bd",
      "size": 300
    },
    {
      "binary": false,
      "has_placeholder": false,
      "mode": 420,
      "mtime": 1756915875.1082234,
      "path": "scripts/policy/validate.mjs",
      "sha256": "af3fe5f78b3e616b90538b908585c9081eb220fe4e844145dcfb681dbd2319f0",
      "size": 458
    },
    {
      "binary": false,
      "has_placeholder": false,
      "mode": 420,
      "mtime": 1756915875.1083412,
      "path": "scripts/distribution/distribute-centralized.sh",
      "sha256": "0480c8fafe1e09f329eade676c57a75d798c6c82de0fdfb07afa762dddb2cf36",
      "size": 289
    },
    {
      "binary": false,
      "has_placeholder": false,
      "mode": 420,
      "mtime": 1756915875.108442,
      "path": "scripts/distribution/distribute-decentralized.sh",
      "sha256": "56aee6e3d51c1c31219e40ec62b7e5819d00ec661377d47cc9b204d491f632ea",
      "size": 491
    },
    {
      "binary": false,
      "has_placeholder": false,
      "mode": 420,
      "mtime": 1756915875.6812763,
      "path": "scripts/distribution/distribute-decentralized.sh.manifest",
      "sha256": "af06fb42fc993378bfbe74b044e90c8421583545f69cfe7b172018889481211c",
      "size": 199
    },
    {
      "binary": false,
      "has_placeholder": false,
      "mode": 493,
      "mtime": 1756915875.68139,
      "path": "scripts/distribution/distribute-decentralized.sh.test",
      "sha256": "59cfb0939e352aedec29c124b262ce114c411bd11459de47fc241474ca6e23f7",
      "size": 559
    },
    {
      "binary": false,
      "has_placeholder": false,
      "mode": 420,
      "mtime": 1756915875.6839938,
      "path": "scripts/distribution/distribute-centralized.sh.manifest",
      "sha256": "d03722cf5534d16205187237b39e582241f704621352ba14bbdbe1ad4d4d0303",
      "size": 196
    },
    {
      "binary": false,
      "has_placeholder": false,
      "mode": 493,
      "mtime": 1756915875.6840425,
      "path": "scripts/distribution/distribute-centralized.sh.test",
      "sha256": "59cfb0939e352aedec29c124b262ce114c411bd11459de47fc241474ca6e23f7",
      "size": 559
    },
    {
      "binary": false,
      "has_placeholder": true,
      "mode": 493,
      "mtime": 1756915875.188772,
      "path": "tools/forensics_mode/forensics_mode.py",
      "sha256": "6ef0a2ed0bcb00153a3faf1033ded4d69d7164fa82a7cfef3722128e55dc8c17",
      "size": 5826
    },
    {
      "binary": false,
      "has_placeholder": false,
      "mode": 420,
      "mtime": 1756915875.6721756,
      "path": "tools/forensics_mode/forensics_mode.py.manifest",
      "sha256": "e9eb2045a8b63d4c24af71dd8ccff4aff1c1d77971282ceb632dc42801e6b8a5",
      "size": 190
    },
    {
      "binary": false,
      "has_placeholder": false,
      "mode": 493,
      "mtime": 1756915875.6722832,
      "path": "tools/forensics_mode/forensics_mode.py.test",
      "sha256": "59cfb0939e352aedec29c124b262ce114c411bd11459de47fc241474ca6e23f7",
      "size": 559
    },
    {
      "binary": false,
      "has_placeholder": false,
      "mode": 493,
      "mtime": 1756915875.1912932,
      "path": "tools/companions/generate_companions.py",
      "sha256": "41895e99962abfe4cfa68dd184c6917ac96e4dfc7f523719d0379f80997e7c2d",
      "size": 3348
    },
    {
      "binary": false,
      "has_placeholder": false,
      "mode": 420,
      "mtime": 1756915875.6728806,
      "path": "tools/companions/generate_companions.py.manifest",
      "sha256": "bfff80f083ef6abe1adf0459102ce9ea3de0e526008f48e93b4a666086142b72",
      "size": 190
    },
    {
      "binary": false,
      "has_placeholder": false,
      "mode": 493,
      "mtime": 1756915875.6729481,
      "path": "tools/companions/generate_companions.py.test",
      "sha256": "59cfb0939e352aedec29c124b262ce114c411bd11459de47fc241474ca6e23f7",
      "size": 559
    },
    {
      "binary": false,
      "has_placeholder": true,
      "mode": 420,
      "mtime": 1756915875.1923995,
      "path": "docs/METHODOLOGY.md",
      "sha256": "aa6a390e98e2abc60354a7e86b2d9379c3ba4bd960852a76fa906be71536a2a4",
      "size": 637
    },
    {
      "binary": false,
      "has_placeholder": false,
      "mode": 420,
      "mtime": 1756915875.6784313,
      "path": "docs/METHODOLOGY.md.manifest",
      "sha256": "40e4828b62f5e6d3c65fa85549e8d22aaffd2923962a3ba8ac18d11337d8c8a9",
      "size": 170
    },
    {
      "binary": false,
      "has_placeholder": false,
      "mode": 493,
      "mtime": 1756915875.6784942,
      "path": "docs/METHODOLOGY.md.test",
      "sha256": "59cfb0939e352aedec29c124b262ce114c411bd11459de47fc241474ca6e23f7",
      "size": 559
    }
  ],
  "root": "/mnt/data/Prometheus-Super-Monorepo-v3",
  "signature": "96897f8c9408c557dfc3ac54d661559cb899635c5e9e9e8e51cbf657c39b2b5f",
  "summary": {
    "file_count": 157,
    "placeholder_hits": 2
  }
}