{
  "timestamp": "2025-09-04T00:48:53.926250Z",
  "sift_report": {
    "root": "/mnt/data/Prometheus_MERGED",
    "cmd": "fix",
    "total_hits": 50,
    "records": [
      {
        "path": "tools/sift/sift_scan_fix.py",
        "ext": ".py",
        "hash_before": "f14e36ce366b50a79975c39d90d9819fe23b63de33389a37f8838200f5c5448e",
        "count": 14,
        "hits": [
          {
            "pattern": "\\\\bPLACEHOLDER\\\\b",
            "span": [
              2487,
              2502
            ],
            "match": "\\bPLACEHOLDER\\b"
          },
          {
            "pattern": "\\\\bSTUB\\\\b",
            "span": [
              2413,
              2421
            ],
            "match": "\\bSTUB\\b"
          },
          {
            "pattern": "\\\\bFIXME\\\\b",
            "span": [
              2344,
              2353
            ],
            "match": "\\bFIXME\\b"
          },
          {
            "pattern": "\\\\bTODO\\\\b",
            "span": [
              2275,
              2283
            ],
            "match": "\\bTODO\\b"
          },
          {
            "pattern": "lorem ipsum",
            "span": [
              190,
              201
            ],
            "match": "lorem ipsum"
          },
          {
            "pattern": "lorem ipsum",
            "span": [
              205,
              216
            ],
            "match": "LOREM IPSUM"
          },
          {
            "pattern": "lorem ipsum",
            "span": [
              268,
              279
            ],
            "match": "lorem ipsum"
          },
          {
            "pattern": "lorem ipsum",
            "span": [
              355,
              366
            ],
            "match": "LOREM IPSUM"
          },
          {
            "pattern": "LOREM IPSUM",
            "span": [
              190,
              201
            ],
            "match": "lorem ipsum"
          },
          {
            "pattern": "LOREM IPSUM",
            "span": [
              205,
              216
            ],
            "match": "LOREM IPSUM"
          },
          {
            "pattern": "LOREM IPSUM",
            "span": [
              268,
              279
            ],
            "match": "lorem ipsum"
          },
          {
            "pattern": "LOREM IPSUM",
            "span": [
              355,
              366
            ],
            "match": "LOREM IPSUM"
          },
          {
            "pattern": "<<REPLACEME>>",
            "span": [
              220,
              233
            ],
            "match": "<<REPLACEME>>"
          },
          {
            "pattern": "<<REPLACEME>>",
            "span": [
              442,
              455
            ],
            "match": "<<REPLACEME>>"
          }
        ],
        "hash_after": "bc295103c6597d301f7b86bf582b6fc37a23d9130177dc38c2e411e377e1e6d0",
        "fixed": true
      },
      {
        "path": "tools/sift/reports/sift_report.json",
        "ext": ".json",
        "hash_before": "718219df944d708dad5e5e9da96ebf17032ce17d376349aaa122ede9f3fde60c",
        "count": 36,
        "hits": [
          {
            "pattern": "lorem ipsum",
            "span": [
              978,
              989
            ],
            "match": "lorem ipsum"
          },
          {
            "pattern": "lorem ipsum",
            "span": [
              1078,
              1089
            ],
            "match": "lorem ipsum"
          },
          {
            "pattern": "lorem ipsum",
            "span": [
              1134,
              1145
            ],
            "match": "lorem ipsum"
          },
          {
            "pattern": "lorem ipsum",
            "span": [
              1234,
              1245
            ],
            "match": "LOREM IPSUM"
          },
          {
            "pattern": "lorem ipsum",
            "span": [
              1290,
              1301
            ],
            "match": "lorem ipsum"
          },
          {
            "pattern": "lorem ipsum",
            "span": [
              1390,
              1401
            ],
            "match": "lorem ipsum"
          },
          {
            "pattern": "lorem ipsum",
            "span": [
              1446,
              1457
            ],
            "match": "lorem ipsum"
          },
          {
            "pattern": "lorem ipsum",
            "span": [
              1546,
              1557
            ],
            "match": "LOREM IPSUM"
          },
          {
            "pattern": "lorem ipsum",
            "span": [
              1602,
              1613
            ],
            "match": "LOREM IPSUM"
          },
          {
            "pattern": "lorem ipsum",
            "span": [
              1702,
              1713
            ],
            "match": "lorem ipsum"
          },
          {
            "pattern": "lorem ipsum",
            "span": [
              1758,
              1769
            ],
            "match": "LOREM IPSUM"
          },
          {
            "pattern": "lorem ipsum",
            "span": [
              1858,
              1869
            ],
            "match": "LOREM IPSUM"
          },
          {
            "pattern": "lorem ipsum",
            "span": [
              1914,
              1925
            ],
            "match": "LOREM IPSUM"
          },
          {
            "pattern": "lorem ipsum",
            "span": [
              2014,
              2025
            ],
            "match": "lorem ipsum"
          },
          {
            "pattern": "lorem ipsum",
            "span": [
              2070,
              2081
            ],
            "match": "LOREM IPSUM"
          },
          {
            "pattern": "lorem ipsum",
            "span": [
              2170,
              2181
            ],
            "match": "LOREM IPSUM"
          },
          {
            "pattern": "LOREM IPSUM",
            "span": [
              978,
              989
            ],
            "match": "lorem ipsum"
          },
          {
            "pattern": "LOREM IPSUM",
            "span": [
              1078,
              1089
            ],
            "match": "lorem ipsum"
          },
          {
            "pattern": "LOREM IPSUM",
            "span": [
              1134,
              1145
            ],
            "match": "lorem ipsum"
          },
          {
            "pattern": "LOREM IPSUM",
            "span": [
              1234,
              1245
            ],
            "match": "LOREM IPSUM"
          },
          {
            "pattern": "LOREM IPSUM",
            "span": [
              1290,
              1301
            ],
            "match": "lorem ipsum"
          },
          {
            "pattern": "LOREM IPSUM",
            "span": [
              1390,
              1401
            ],
            "match": "lorem ipsum"
          },
          {
            "pattern": "LOREM IPSUM",
            "span": [
              1446,
              1457
            ],
            "match": "lorem ipsum"
          },
          {
            "pattern": "LOREM IPSUM",
            "span": [
              1546,
              1557
            ],
            "match": "LOREM IPSUM"
          },
          {
            "pattern": "LOREM IPSUM",
            "span": [
              1602,
              1613
            ],
            "match": "LOREM IPSUM"
          },
          {
            "pattern": "LOREM IPSUM",
            "span": [
              1702,
              1713
            ],
            "match": "lorem ipsum"
          },
          {
            "pattern": "LOREM IPSUM",
            "span": [
              1758,
              1769
            ],
            "match": "LOREM IPSUM"
          },
          {
            "pattern": "LOREM IPSUM",
            "span": [
              1858,
              1869
            ],
            "match": "LOREM IPSUM"
          },
          {
            "pattern": "LOREM IPSUM",
            "span": [
              1914,
              1925
            ],
            "match": "LOREM IPSUM"
          },
          {
            "pattern": "LOREM IPSUM",
            "span": [
              2014,
              2025
            ],
            "match": "lorem ipsum"
          },
          {
            "pattern": "LOREM IPSUM",
            "span": [
              2070,
              2081
            ],
            "match": "LOREM IPSUM"
          },
          {
            "pattern": "LOREM IPSUM",
            "span": [
              2170,
              2181
            ],
            "match": "LOREM IPSUM"
          },
          {
            "pattern": "<<REPLACEME>>",
            "span": [
              2226,
              2239
            ],
            "match": "<<REPLACEME>>"
          },
          {
            "pattern": "<<REPLACEME>>",
            "span": [
              2328,
              2341
            ],
            "match": "<<REPLACEME>>"
          },
          {
            "pattern": "<<REPLACEME>>",
            "span": [
              2386,
              2399
            ],
            "match": "<<REPLACEME>>"
          },
          {
            "pattern": "<<REPLACEME>>",
            "span": [
              2488,
              2501
            ],
            "match": "<<REPLACEME>>"
          }
        ],
        "hash_after": "1a64b58c7c18f929a3b69e6dd6b8a9e0f67384f3a5846634f7e511a6c3370264",
        "fixed": true
      }
    ],
    "fixed": [
      {
        "path": "tools/sift/sift_scan_fix.py",
        "ext": ".py",
        "hash_before": "f14e36ce366b50a79975c39d90d9819fe23b63de33389a37f8838200f5c5448e",
        "count": 14,
        "hits": [
          {
            "pattern": "\\\\bPLACEHOLDER\\\\b",
            "span": [
              2487,
              2502
            ],
            "match": "\\bPLACEHOLDER\\b"
          },
          {
            "pattern": "\\\\bSTUB\\\\b",
            "span": [
              2413,
              2421
            ],
            "match": "\\bSTUB\\b"
          },
          {
            "pattern": "\\\\bFIXME\\\\b",
            "span": [
              2344,
              2353
            ],
            "match": "\\bFIXME\\b"
          },
          {
            "pattern": "\\\\bTODO\\\\b",
            "span": [
              2275,
              2283
            ],
            "match": "\\bTODO\\b"
          },
          {
            "pattern": "lorem ipsum",
            "span": [
              190,
              201
            ],
            "match": "lorem ipsum"
          },
          {
            "pattern": "lorem ipsum",
            "span": [
              205,
              216
            ],
            "match": "LOREM IPSUM"
          },
          {
            "pattern": "lorem ipsum",
            "span": [
              268,
              279
            ],
            "match": "lorem ipsum"
          },
          {
            "pattern": "lorem ipsum",
            "span": [
              355,
              366
            ],
            "match": "LOREM IPSUM"
          },
          {
            "pattern": "LOREM IPSUM",
            "span": [
              190,
              201
            ],
            "match": "lorem ipsum"
          },
          {
            "pattern": "LOREM IPSUM",
            "span": [
              205,
              216
            ],
            "match": "LOREM IPSUM"
          },
          {
            "pattern": "LOREM IPSUM",
            "span": [
              268,
              279
            ],
            "match": "lorem ipsum"
          },
          {
            "pattern": "LOREM IPSUM",
            "span": [
              355,
              366
            ],
            "match": "LOREM IPSUM"
          },
          {
            "pattern": "<<REPLACEME>>",
            "span": [
              220,
              233
            ],
            "match": "<<REPLACEME>>"
          },
          {
            "pattern": "<<REPLACEME>>",
            "span": [
              442,
              455
            ],
            "match": "<<REPLACEME>>"
          }
        ],
        "hash_after": "bc295103c6597d301f7b86bf582b6fc37a23d9130177dc38c2e411e377e1e6d0",
        "fixed": true
      },
      {
        "path": "tools/sift/reports/sift_report.json",
        "ext": ".json",
        "hash_before": "718219df944d708dad5e5e9da96ebf17032ce17d376349aaa122ede9f3fde60c",
        "count": 36,
        "hits": [
          {
            "pattern": "lorem ipsum",
            "span": [
              978,
              989
            ],
            "match": "lorem ipsum"
          },
          {
            "pattern": "lorem ipsum",
            "span": [
              1078,
              1089
            ],
            "match": "lorem ipsum"
          },
          {
            "pattern": "lorem ipsum",
            "span": [
              1134,
              1145
            ],
            "match": "lorem ipsum"
          },
          {
            "pattern": "lorem ipsum",
            "span": [
              1234,
              1245
            ],
            "match": "LOREM IPSUM"
          },
          {
            "pattern": "lorem ipsum",
            "span": [
              1290,
              1301
            ],
            "match": "lorem ipsum"
          },
          {
            "pattern": "lorem ipsum",
            "span": [
              1390,
              1401
            ],
            "match": "lorem ipsum"
          },
          {
            "pattern": "lorem ipsum",
            "span": [
              1446,
              1457
            ],
            "match": "lorem ipsum"
          },
          {
            "pattern": "lorem ipsum",
            "span": [
              1546,
              1557
            ],
            "match": "LOREM IPSUM"
          },
          {
            "pattern": "lorem ipsum",
            "span": [
              1602,
              1613
            ],
            "match": "LOREM IPSUM"
          },
          {
            "pattern": "lorem ipsum",
            "span": [
              1702,
              1713
            ],
            "match": "lorem ipsum"
          },
          {
            "pattern": "lorem ipsum",
            "span": [
              1758,
              1769
            ],
            "match": "LOREM IPSUM"
          },
          {
            "pattern": "lorem ipsum",
            "span": [
              1858,
              1869
            ],
            "match": "LOREM IPSUM"
          },
          {
            "pattern": "lorem ipsum",
            "span": [
              1914,
              1925
            ],
            "match": "LOREM IPSUM"
          },
          {
            "pattern": "lorem ipsum",
            "span": [
              2014,
              2025
            ],
            "match": "lorem ipsum"
          },
          {
            "pattern": "lorem ipsum",
            "span": [
              2070,
              2081
            ],
            "match": "LOREM IPSUM"
          },
          {
            "pattern": "lorem ipsum",
            "span": [
              2170,
              2181
            ],
            "match": "LOREM IPSUM"
          },
          {
            "pattern": "LOREM IPSUM",
            "span": [
              978,
              989
            ],
            "match": "lorem ipsum"
          },
          {
            "pattern": "LOREM IPSUM",
            "span": [
              1078,
              1089
            ],
            "match": "lorem ipsum"
          },
          {
            "pattern": "LOREM IPSUM",
            "span": [
              1134,
              1145
            ],
            "match": "lorem ipsum"
          },
          {
            "pattern": "LOREM IPSUM",
            "span": [
              1234,
              1245
            ],
            "match": "LOREM IPSUM"
          },
          {
            "pattern": "LOREM IPSUM",
            "span": [
              1290,
              1301
            ],
            "match": "lorem ipsum"
          },
          {
            "pattern": "LOREM IPSUM",
            "span": [
              1390,
              1401
            ],
            "match": "lorem ipsum"
          },
          {
            "pattern": "LOREM IPSUM",
            "span": [
              1446,
              1457
            ],
            "match": "lorem ipsum"
          },
          {
            "pattern": "LOREM IPSUM",
            "span": [
              1546,
              1557
            ],
            "match": "LOREM IPSUM"
          },
          {
            "pattern": "LOREM IPSUM",
            "span": [
              1602,
              1613
            ],
            "match": "LOREM IPSUM"
          },
          {
            "pattern": "LOREM IPSUM",
            "span": [
              1702,
              1713
            ],
            "match": "lorem ipsum"
          },
          {
            "pattern": "LOREM IPSUM",
            "span": [
              1758,
              1769
            ],
            "match": "LOREM IPSUM"
          },
          {
            "pattern": "LOREM IPSUM",
            "span": [
              1858,
              1869
            ],
            "match": "LOREM IPSUM"
          },
          {
            "pattern": "LOREM IPSUM",
            "span": [
              1914,
              1925
            ],
            "match": "LOREM IPSUM"
          },
          {
            "pattern": "LOREM IPSUM",
            "span": [
              2014,
              2025
            ],
            "match": "lorem ipsum"
          },
          {
            "pattern": "LOREM IPSUM",
            "span": [
              2070,
              2081
            ],
            "match": "LOREM IPSUM"
          },
          {
            "pattern": "LOREM IPSUM",
            "span": [
              2170,
              2181
            ],
            "match": "LOREM IPSUM"
          },
          {
            "pattern": "<<REPLACEME>>",
            "span": [
              2226,
              2239
            ],
            "match": "<<REPLACEME>>"
          },
          {
            "pattern": "<<REPLACEME>>",
            "span": [
              2328,
              2341
            ],
            "match": "<<REPLACEME>>"
          },
          {
            "pattern": "<<REPLACEME>>",
            "span": [
              2386,
              2399
            ],
            "match": "<<REPLACEME>>"
          },
          {
            "pattern": "<<REPLACEME>>",
            "span": [
              2488,
              2501
            ],
            "match": "<<REPLACEME>>"
          }
        ],
        "hash_after": "1a64b58c7c18f929a3b69e6dd6b8a9e0f67384f3a5846634f7e511a6c3370264",
        "fixed": true
      }
    ]
  },
  "notes": {
    "ios_scaffold": "Created mobile/ios/PrometheusApp Swift package for shared logic.",
    "helpers": "tools/ios/build.sh added for build orchestration on macOS."
  }
}