{
  "generated_at": "2025-08-18T22:42:27Z",
  "algorithm": "SHA-256",
  "files": [
    {
      "path": ".editorconfig",
      "sha256": "b44c4fd5fd2b6f5c92ae5610410ebe462c48aad51715884506050fdfcc6702dd",
      "size": 98
    },
    {
      "path": ".gitattributes",
      "sha256": "e753774a5c6c845d5b43db5e4e133c8b7308c233f036517be1e2ae01cb068790",
      "size": 12
    },
    {
      "path": ".gitignore",
      "sha256": "e36157f49ca5cbbb94a8dd499302d87b96417e481972b5efe42aee469715e491",
      "size": 55
    },
    {
      "path": "CODEX_LOCK.md",
      "sha256": "511db4303675bebe94e6d80ef5292a7f50f81b373ac0e45793922275286ba4f7",
      "size": 54
    },
    {
      "path": "CODE_OF_CONDUCT.md",
      "sha256": "e7ae66805a0ba9f49b3dc6a5646e25683ebb6030ed3c48939eb191ec7aef3c75",
      "size": 14
    },
    {
      "path": "CONTRIBUTING.md",
      "sha256": "70ae506a6bbfb343f0b6171e7060c61655feae147841290d6aecd13e0123b5d0",
      "size": 32
    },
    {
      "path": "LICENSE",
      "sha256": "15f960d612c27c8e0e28980e1fa6d17599ebea49088c86295b975c2fdff45a9e",
      "size": 337
    },
    {
      "path": "NOTICE",
      "sha256": "8d2a25be912bdd9d4ce5fa5ef9b90b180e0a957ae09ff07b226ccf5e2281f6f0",
      "size": 28
    },
    {
      "path": "OWNER.md",
      "sha256": "c950c6b4e82aeb31c00c6c0cb5b455b820b9ee61d0b71c9ebf09f31556e20193",
      "size": 72
    },
    {
      "path": "README.md",
      "sha256": "42686fea1181f934129160fcba194e955b650a28ff418fd17950305189d9e8ec",
      "size": 252
    },
    {
      "path": "SECURITY.md",
      "sha256": "8b61ecc88f0358ac259e81c13a5323476c901f40167eaf6c8151fa30b92220c4",
      "size": 47
    },
    {
      "path": "VAULTTIME_SEAL.md",
      "sha256": "c7aeba9727effd9f27bd96f5bec317e029473328777f1eedaa0e21d7c9d57e10",
      "size": 44
    },
    {
      "path": "apps/control-nexus/package.json",
      "sha256": "ffbe8e2dce5af7ff4ebf94ab2f6ef07395131c80ce2c3dff4e0d097a8abd5c73",
      "size": 48
    },
    {
      "path": "apps/control-nexus/web/next.config.js",
      "sha256": "27aad49f2bfafae3ccdd3a4266dca58fa2575cc7b09e8e79b2e6578dfe6bf7c9",
      "size": 39
    },
    {
      "path": "apps/control-nexus/web/src/components/Dashboard/Dashboard.tsx",
      "sha256": "ccd56cd98536a8abd2c670abf065aa0807d49800d1894ff158ee74016c20a657",
      "size": 71
    },
    {
      "path": "forge_zip.sh",
      "sha256": "028cb2b5368048b8f8160fa68b1ab333c1283f66ac8828b8914dee7bf5f27b60",
      "size": 889
    },
    {
      "path": "hal_forge",
      "sha256": "6a8c2d41ff48b31f112ef41cf2c9f0f6d2ac4efdff3da99e9687ecdb901076c0",
      "size": 423
    },
    {
      "path": "infrastructure/kubernetes/helm/api-gateway/Chart.yaml",
      "sha256": "a1df512a76d69b14617a67d2fc1886b9453150b63e7012ac0a871aa6c2180d50",
      "size": 48
    },
    {
      "path": "infrastructure/kubernetes/helm/api-gateway/templates/deployment.yaml",
      "sha256": "12224d24826b608ab23a4829196b5d4169ca0218475adc889063295564dde441",
      "size": 67
    },
    {
      "path": "infrastructure/kubernetes/helm/api-gateway/values.yaml",
      "sha256": "2571f79313d132e0b53738d8c47bb86b49c46b4d1d954b81da0eecf7e6489c4b",
      "size": 61
    },
    {
      "path": "infrastructure/kubernetes/helm/control-nexus/Chart.yaml",
      "sha256": "950b60a61d93d4a55da2bde948daa888085a66d1721dbc20e9ffbd2e0bfa69d6",
      "size": 50
    },
    {
      "path": "infrastructure/kubernetes/helm/control-nexus/templates/deployment.yaml",
      "sha256": "8a1d06210ad7b4cac377768b83f4b27b353d524a6cd5c4052101929f0b34915b",
      "size": 69
    },
    {
      "path": "infrastructure/kubernetes/helm/control-nexus/values.yaml",
      "sha256": "baacd21ee39816a893f7a757897987a34f0afa6ae1746e82567db5987e62e0e0",
      "size": 63
    },
    {
      "path": "infrastructure/kubernetes/helm/hal-core/Chart.yaml",
      "sha256": "8c4660b988fa8cc6b3e34a7726b8e41a678fa7976733f17d4c2270969afaaa15",
      "size": 45
    },
    {
      "path": "infrastructure/kubernetes/helm/hal-core/templates/deployment.yaml",
      "sha256": "93f27121498f5495f8ba649476cba36d0554a4492acf910fed7826446a532ff7",
      "size": 64
    },
    {
      "path": "infrastructure/kubernetes/helm/hal-core/values.yaml",
      "sha256": "28bfed4156cb1b0d43a29911ed92a26c8a56b4c9477e61e53f4d3e915273918e",
      "size": 58
    },
    {
      "path": "infrastructure/kubernetes/helm/metrics-service/Chart.yaml",
      "sha256": "5f07123bcae6657bfc25bb7f2608a9266b2d8d5d8f7fee871d337a2ab8dccc6e",
      "size": 52
    },
    {
      "path": "infrastructure/kubernetes/helm/metrics-service/templates/deployment.yaml",
      "sha256": "66e803b08276186b17a3da8d035112ddd9284974da4b15b43e05059976930851",
      "size": 71
    },
    {
      "path": "infrastructure/kubernetes/helm/metrics-service/values.yaml",
      "sha256": "d59e7a92df01834e98d305e1c420f63e51505bb5e570b1170d0543df5f59246f",
      "size": 65
    },
    {
      "path": "infrastructure/kubernetes/helm/phos/Chart.yaml",
      "sha256": "bfb327fa92d3b2996944925863064c74f18c7df0eacbd4768ccb3687341722ee",
      "size": 41
    },
    {
      "path": "infrastructure/kubernetes/helm/phos/templates/deployment.yaml",
      "sha256": "fe2ab45b89c691f4b04798f8d7beb7bb4d33a8987b7f0cac9ca124ce168dc1b6",
      "size": 60
    },
    {
      "path": "infrastructure/kubernetes/helm/phos/values.yaml",
      "sha256": "65a177f578a6171674ce22b1c9b77aba46eb3ebcb5287f8f2303419c11f65065",
      "size": 54
    },
    {
      "path": "infrastructure/kubernetes/helm/vaulttime/Chart.yaml",
      "sha256": "61d13c02ec1fcb36449ff9b480b9ea084942675f69ffe1ef72c7a0c2991fd296",
      "size": 46
    },
    {
      "path": "infrastructure/kubernetes/helm/vaulttime/templates/deployment.yaml",
      "sha256": "d0501381e48a7f50db06abee8e32c0ff4fd52c841e0245d684bcbf6a34f7b268",
      "size": 65
    },
    {
      "path": "infrastructure/kubernetes/helm/vaulttime/values.yaml",
      "sha256": "0618a77495a7cbf9294528d1e7f06f3013dd42f0eb63ea0a484213fd38c2e9d4",
      "size": 59
    },
    {
      "path": "infrastructure/kubernetes/helm/vector-service/Chart.yaml",
      "sha256": "0525e83f81b1ef11a9f1d0ff05d4411b1641e3bb8df559a1601a1adeca61095e",
      "size": 51
    },
    {
      "path": "infrastructure/kubernetes/helm/vector-service/templates/deployment.yaml",
      "sha256": "254764ff08b855724a480c8aa21d6bc5d56180e4305539bd531a199411716025",
      "size": 70
    },
    {
      "path": "infrastructure/kubernetes/helm/vector-service/values.yaml",
      "sha256": "d6bc28ee384cec3fa1f17fc13b98388a942c99e0cdd3b3895fe35ec12cb8bdf7",
      "size": 64
    },
    {
      "path": "infrastructure/kubernetes/helm/wardog/Chart.yaml",
      "sha256": "485744c93bd22f8747a8a9e7853d7c4a71133d43226f65e7851888574531967f",
      "size": 43
    },
    {
      "path": "infrastructure/kubernetes/helm/wardog/templates/deployment.yaml",
      "sha256": "3f8157091f066518541b20209a5eacf435d72f64512bcbb76e03a5d1da1e7cec",
      "size": 62
    },
    {
      "path": "infrastructure/kubernetes/helm/wardog/values.yaml",
      "sha256": "34eb1b9709bcc6fbad9ab7a9fea5d58fae55a05947c5c1b92c9bd2a587d53448",
      "size": 56
    },
    {
      "path": "infrastructure/terraform/aws/envs/dev/main.tf",
      "sha256": "b115a5e911126c6bc4852c9481383d3b68c17d421b5410806ddc75430e4575b6",
      "size": 15
    },
    {
      "path": "infrastructure/terraform/aws/envs/dev/terraform.tfvars",
      "sha256": "41983bdc26c8d6da6bd7380dde574951d9d1f7de6c624c637ba2aad3d6f6b3fc",
      "size": 18
    },
    {
      "path": "infrastructure/terraform/aws/envs/prod/main.tf",
      "sha256": "d370dc56ee5275e644eead2e16432fd4229ca1ea2668f20af2cbde475b11e214",
      "size": 16
    },
    {
      "path": "infrastructure/terraform/aws/envs/prod/terraform.tfvars",
      "sha256": "524060af089436a9a181df55641f5f68c2883839a00829bf0b1070077a0eba02",
      "size": 19
    },
    {
      "path": "infrastructure/terraform/aws/envs/staging/main.tf",
      "sha256": "06c06c2c61ac2f25f10acdcbd51d59f375fca44f463097fd4060bc333019c7d5",
      "size": 19
    },
    {
      "path": "infrastructure/terraform/aws/envs/staging/terraform.tfvars",
      "sha256": "b47dac0e2ee7f7e028b8f45946a8a4aa05feebbc2b9929cdabf6c2c923e76843",
      "size": 22
    },
    {
      "path": "infrastructure/terraform/azurerm/envs/dev/main.tf",
      "sha256": "8bf13d3852da3bd28b1eff449c5ddc8725b80be6e7c173d0b676a46af52df21a",
      "size": 19
    },
    {
      "path": "infrastructure/terraform/azurerm/envs/dev/terraform.tfvars",
      "sha256": "41983bdc26c8d6da6bd7380dde574951d9d1f7de6c624c637ba2aad3d6f6b3fc",
      "size": 18
    },
    {
      "path": "infrastructure/terraform/azurerm/envs/prod/main.tf",
      "sha256": "fb9c34601c46ee39d1bf627e1b83118f7e521bc65dca79f84f645487c64e3cff",
      "size": 20
    },
    {
      "path": "infrastructure/terraform/azurerm/envs/prod/terraform.tfvars",
      "sha256": "524060af089436a9a181df55641f5f68c2883839a00829bf0b1070077a0eba02",
      "size": 19
    },
    {
      "path": "infrastructure/terraform/azurerm/envs/staging/main.tf",
      "sha256": "e08cf822bd8768a5fdb1a266745b25ee8b68701cf50fa47f415bff0379732126",
      "size": 23
    },
    {
      "path": "infrastructure/terraform/azurerm/envs/staging/terraform.tfvars",
      "sha256": "b47dac0e2ee7f7e028b8f45946a8a4aa05feebbc2b9929cdabf6c2c923e76843",
      "size": 22
    },
    {
      "path": "infrastructure/terraform/cloudflare/envs/dev/main.tf",
      "sha256": "c05c50f15cf722e034e627e7a43739fa1af650fb2f624247daf3a1cb0a1c8cda",
      "size": 22
    },
    {
      "path": "infrastructure/terraform/cloudflare/envs/dev/terraform.tfvars",
      "sha256": "41983bdc26c8d6da6bd7380dde574951d9d1f7de6c624c637ba2aad3d6f6b3fc",
      "size": 18
    },
    {
      "path": "infrastructure/terraform/cloudflare/envs/prod/main.tf",
      "sha256": "fb1e358ebe77e44226be19114bb0ef006c2c5a092c15d46523a4a1cc5836f7e7",
      "size": 23
    },
    {
      "path": "infrastructure/terraform/cloudflare/envs/prod/terraform.tfvars",
      "sha256": "524060af089436a9a181df55641f5f68c2883839a00829bf0b1070077a0eba02",
      "size": 19
    },
    {
      "path": "infrastructure/terraform/cloudflare/envs/staging/main.tf",
      "sha256": "dd6a013cd0628982f037a38f46c70410addd481705ab9a8e249ede8461b6240b",
      "size": 26
    },
    {
      "path": "infrastructure/terraform/cloudflare/envs/staging/terraform.tfvars",
      "sha256": "b47dac0e2ee7f7e028b8f45946a8a4aa05feebbc2b9929cdabf6c2c923e76843",
      "size": 22
    },
    {
      "path": "infrastructure/terraform/google/envs/dev/main.tf",
      "sha256": "f349b2b7f296de9ec1aa35551b9af8b484de43729a43183ba6b57461e83a151a",
      "size": 18
    },
    {
      "path": "infrastructure/terraform/google/envs/dev/terraform.tfvars",
      "sha256": "41983bdc26c8d6da6bd7380dde574951d9d1f7de6c624c637ba2aad3d6f6b3fc",
      "size": 18
    },
    {
      "path": "infrastructure/terraform/google/envs/prod/main.tf",
      "sha256": "7d418910d211ec8164d587fc9b2e78bad37c38ba82240e946a7b5e3fc8e53fb1",
      "size": 19
    },
    {
      "path": "infrastructure/terraform/google/envs/prod/terraform.tfvars",
      "sha256": "524060af089436a9a181df55641f5f68c2883839a00829bf0b1070077a0eba02",
      "size": 19
    },
    {
      "path": "infrastructure/terraform/google/envs/staging/main.tf",
      "sha256": "4877344bce4204134f2a9b3469a035cf63df293fb95028d7853ae2290e277fc3",
      "size": 22
    },
    {
      "path": "infrastructure/terraform/google/envs/staging/terraform.tfvars",
      "sha256": "b47dac0e2ee7f7e028b8f45946a8a4aa05feebbc2b9929cdabf6c2c923e76843",
      "size": 22
    },
    {
      "path": "infrastructure/terraform/kubernetes/envs/dev/main.tf",
      "sha256": "3bfd5cb9d05b16c2b0b0db9ae7b4acbd3e4ca265364ea2dae4197c63245182fc",
      "size": 22
    },
    {
      "path": "infrastructure/terraform/kubernetes/envs/dev/terraform.tfvars",
      "sha256": "41983bdc26c8d6da6bd7380dde574951d9d1f7de6c624c637ba2aad3d6f6b3fc",
      "size": 18
    },
    {
      "path": "infrastructure/terraform/kubernetes/envs/prod/main.tf",
      "sha256": "404f0d10a286c949c389641807c70ca9d243a018dce8faef4146136c531c6859",
      "size": 23
    },
    {
      "path": "infrastructure/terraform/kubernetes/envs/prod/terraform.tfvars",
      "sha256": "524060af089436a9a181df55641f5f68c2883839a00829bf0b1070077a0eba02",
      "size": 19
    },
    {
      "path": "infrastructure/terraform/kubernetes/envs/staging/main.tf",
      "sha256": "401105f518658919c05126efd16b9dca5fb3a9562c2aae400013286031e68e04",
      "size": 26
    },
    {
      "path": "infrastructure/terraform/kubernetes/envs/staging/terraform.tfvars",
      "sha256": "b47dac0e2ee7f7e028b8f45946a8a4aa05feebbc2b9929cdabf6c2c923e76843",
      "size": 22
    },
    {
      "path": "legal/VAULTTIME-PRIVATE-v1.md",
      "sha256": "15f960d612c27c8e0e28980e1fa6d17599ebea49088c86295b975c2fdff45a9e",
      "size": 337
    },
    {
      "path": "observability/prometheus/prometheus.yml",
      "sha256": "a17ff83a2482c71796d090b87576cb075633dc9470a651a14145b71028840e39",
      "size": 33
    },
    {
      "path": "platform/package.json",
      "sha256": "2cc63f49707dae2d0e36167b1ea736205b38585d537df571cc982c7343123e58",
      "size": 94
    },
    {
      "path": "platform/pnpm-workspace.yaml",
      "sha256": "cb8ce3cbcb86af72216bb1858b988276acac0e2bfd25fc381bb08b1b02950c91",
      "size": 27
    },
    {
      "path": "platform/services/api-gateway/package.json",
      "sha256": "8990df2e34c81f98f7613f83e2a53fe5d15171aa0a1a92b2fbfa31211eee2370",
      "size": 181
    },
    {
      "path": "platform/services/api-gateway/src/main.js",
      "sha256": "709ecdf2aed0929d1e70ef84e2a925568b9c8a9f24a350bcd986bd52b1248806",
      "size": 140
    },
    {
      "path": "platform/services/vector-service/pyproject.toml",
      "sha256": "8bbf103f763c1df12ae282f81df57605af965d286f7e3f1186123ba7d4a105f5",
      "size": 83
    },
    {
      "path": "platform/services/vector-service/src/main.py",
      "sha256": "ab7d1d21a743d7e3bb91452267e98bd1449182118b3e082cf0b626b7b5c59a09",
      "size": 95
    },
    {
      "path": "platform/tsconfig.base.json",
      "sha256": "7143cdb6e3cd222bd457afcc57db6dacc42cc96c744dc63e1530bbd2c1f06829",
      "size": 53
    },
    {
      "path": "scripts/integrity.py",
      "sha256": "ada74eb022bf55ff2568cbf7a472d70b6d88d8298f75737af11cb51e58b933f5",
      "size": 738
    },
    {
      "path": "scripts/run_tests.sh",
      "sha256": "58f58d5836bea2b0676449fa2cfdaa23339381e7dda3d61a28e323359615d294",
      "size": 62
    },
    {
      "path": "scripts/sbom_generate.py",
      "sha256": "c41ef5bd5943ad51b267629f4bdbb06cfd53ad6b78ee8277f681528b78281c7a",
      "size": 606
    },
    {
      "path": "security/SECURITY_ARCHITECTURE.md",
      "sha256": "99783969a92dd6cf7b89af05b7986515c16469e8f69533a5faee74b1e054e9fa",
      "size": 24
    },
    {
      "path": "security/THREAT_MODEL.md",
      "sha256": "bc01e533be4b8e85747f560cc8f431fb608b31ec4e00a807dfdf34d7ec4fec1a",
      "size": 15
    },
    {
      "path": "security/compliance/SOC2.md",
      "sha256": "29398961b14599d2b5ca32cd18041466aa54b4c93986752841eaf17f2c493b8d",
      "size": 7
    },
    {
      "path": "templates/policy.yaml",
      "sha256": "f5bd77c3adb57fb2191d81a8586d20589933ef7a230f6fa9379eed761388062f",
      "size": 24
    },
    {
      "path": "tests/e2e.testplan.md",
      "sha256": "a099943f4e529b54ae0f380cf138317866d33f84cdc0ff5f09ee298bf8c23d6b",
      "size": 11
    }
  ]
}