{
  "bomFormat": "CycloneDX",
  "specVersion": "1.5",
  "version": 1,
  "metadata": {
    "timestamp": "2025-08-18T22:42:28Z"
  },
  "components": [
    {
      "bom-ref": ".editorconfig",
      "type": "file",
      "name": ".editorconfig",
      "version": "1.0.0"
    },
    {
      "bom-ref": ".gitattributes",
      "type": "file",
      "name": ".gitattributes",
      "version": "1.0.0"
    },
    {
      "bom-ref": ".gitignore",
      "type": "file",
      "name": ".gitignore",
      "version": "1.0.0"
    },
    {
      "bom-ref": "CODEX_LOCK.md",
      "type": "file",
      "name": "CODEX_LOCK.md",
      "version": "1.0.0"
    },
    {
      "bom-ref": "CODE_OF_CONDUCT.md",
      "type": "file",
      "name": "CODE_OF_CONDUCT.md",
      "version": "1.0.0"
    },
    {
      "bom-ref": "CONTRIBUTING.md",
      "type": "file",
      "name": "CONTRIBUTING.md",
      "version": "1.0.0"
    },
    {
      "bom-ref": "LICENSE",
      "type": "file",
      "name": "LICENSE",
      "version": "1.0.0"
    },
    {
      "bom-ref": "MANIFEST.integrity.json",
      "type": "file",
      "name": "MANIFEST.integrity.json",
      "version": "1.0.0"
    },
    {
      "bom-ref": "NOTICE",
      "type": "file",
      "name": "NOTICE",
      "version": "1.0.0"
    },
    {
      "bom-ref": "OWNER.md",
      "type": "file",
      "name": "OWNER.md",
      "version": "1.0.0"
    },
    {
      "bom-ref": "README.md",
      "type": "file",
      "name": "README.md",
      "version": "1.0.0"
    },
    {
      "bom-ref": "SECURITY.md",
      "type": "file",
      "name": "SECURITY.md",
      "version": "1.0.0"
    },
    {
      "bom-ref": "VAULTTIME_SEAL.md",
      "type": "file",
      "name": "VAULTTIME_SEAL.md",
      "version": "1.0.0"
    },
    {
      "bom-ref": "apps/control-nexus/package.json",
      "type": "file",
      "name": "package.json",
      "version": "1.0.0"
    },
    {
      "bom-ref": "apps/control-nexus/web/next.config.js",
      "type": "file",
      "name": "next.config.js",
      "version": "1.0.0"
    },
    {
      "bom-ref": "apps/control-nexus/web/src/components/Dashboard/Dashboard.tsx",
      "type": "file",
      "name": "Dashboard.tsx",
      "version": "1.0.0"
    },
    {
      "bom-ref": "forge_zip.sh",
      "type": "file",
      "name": "forge_zip.sh",
      "version": "1.0.0"
    },
    {
      "bom-ref": "hal_forge",
      "type": "file",
      "name": "hal_forge",
      "version": "1.0.0"
    },
    {
      "bom-ref": "infrastructure/kubernetes/helm/api-gateway/Chart.yaml",
      "type": "file",
      "name": "Chart.yaml",
      "version": "1.0.0"
    },
    {
      "bom-ref": "infrastructure/kubernetes/helm/api-gateway/templates/deployment.yaml",
      "type": "file",
      "name": "deployment.yaml",
      "version": "1.0.0"
    },
    {
      "bom-ref": "infrastructure/kubernetes/helm/api-gateway/values.yaml",
      "type": "file",
      "name": "values.yaml",
      "version": "1.0.0"
    },
    {
      "bom-ref": "infrastructure/kubernetes/helm/control-nexus/Chart.yaml",
      "type": "file",
      "name": "Chart.yaml",
      "version": "1.0.0"
    },
    {
      "bom-ref": "infrastructure/kubernetes/helm/control-nexus/templates/deployment.yaml",
      "type": "file",
      "name": "deployment.yaml",
      "version": "1.0.0"
    },
    {
      "bom-ref": "infrastructure/kubernetes/helm/control-nexus/values.yaml",
      "type": "file",
      "name": "values.yaml",
      "version": "1.0.0"
    },
    {
      "bom-ref": "infrastructure/kubernetes/helm/hal-core/Chart.yaml",
      "type": "file",
      "name": "Chart.yaml",
      "version": "1.0.0"
    },
    {
      "bom-ref": "infrastructure/kubernetes/helm/hal-core/templates/deployment.yaml",
      "type": "file",
      "name": "deployment.yaml",
      "version": "1.0.0"
    },
    {
      "bom-ref": "infrastructure/kubernetes/helm/hal-core/values.yaml",
      "type": "file",
      "name": "values.yaml",
      "version": "1.0.0"
    },
    {
      "bom-ref": "infrastructure/kubernetes/helm/metrics-service/Chart.yaml",
      "type": "file",
      "name": "Chart.yaml",
      "version": "1.0.0"
    },
    {
      "bom-ref": "infrastructure/kubernetes/helm/metrics-service/templates/deployment.yaml",
      "type": "file",
      "name": "deployment.yaml",
      "version": "1.0.0"
    },
    {
      "bom-ref": "infrastructure/kubernetes/helm/metrics-service/values.yaml",
      "type": "file",
      "name": "values.yaml",
      "version": "1.0.0"
    },
    {
      "bom-ref": "infrastructure/kubernetes/helm/phos/Chart.yaml",
      "type": "file",
      "name": "Chart.yaml",
      "version": "1.0.0"
    },
    {
      "bom-ref": "infrastructure/kubernetes/helm/phos/templates/deployment.yaml",
      "type": "file",
      "name": "deployment.yaml",
      "version": "1.0.0"
    },
    {
      "bom-ref": "infrastructure/kubernetes/helm/phos/values.yaml",
      "type": "file",
      "name": "values.yaml",
      "version": "1.0.0"
    },
    {
      "bom-ref": "infrastructure/kubernetes/helm/vaulttime/Chart.yaml",
      "type": "file",
      "name": "Chart.yaml",
      "version": "1.0.0"
    },
    {
      "bom-ref": "infrastructure/kubernetes/helm/vaulttime/templates/deployment.yaml",
      "type": "file",
      "name": "deployment.yaml",
      "version": "1.0.0"
    },
    {
      "bom-ref": "infrastructure/kubernetes/helm/vaulttime/values.yaml",
      "type": "file",
      "name": "values.yaml",
      "version": "1.0.0"
    },
    {
      "bom-ref": "infrastructure/kubernetes/helm/vector-service/Chart.yaml",
      "type": "file",
      "name": "Chart.yaml",
      "version": "1.0.0"
    },
    {
      "bom-ref": "infrastructure/kubernetes/helm/vector-service/templates/deployment.yaml",
      "type": "file",
      "name": "deployment.yaml",
      "version": "1.0.0"
    },
    {
      "bom-ref": "infrastructure/kubernetes/helm/vector-service/values.yaml",
      "type": "file",
      "name": "values.yaml",
      "version": "1.0.0"
    },
    {
      "bom-ref": "infrastructure/kubernetes/helm/wardog/Chart.yaml",
      "type": "file",
      "name": "Chart.yaml",
      "version": "1.0.0"
    },
    {
      "bom-ref": "infrastructure/kubernetes/helm/wardog/templates/deployment.yaml",
      "type": "file",
      "name": "deployment.yaml",
      "version": "1.0.0"
    },
    {
      "bom-ref": "infrastructure/kubernetes/helm/wardog/values.yaml",
      "type": "file",
      "name": "values.yaml",
      "version": "1.0.0"
    },
    {
      "bom-ref": "infrastructure/terraform/aws/envs/dev/main.tf",
      "type": "file",
      "name": "main.tf",
      "version": "1.0.0"
    },
    {
      "bom-ref": "infrastructure/terraform/aws/envs/dev/terraform.tfvars",
      "type": "file",
      "name": "terraform.tfvars",
      "version": "1.0.0"
    },
    {
      "bom-ref": "infrastructure/terraform/aws/envs/prod/main.tf",
      "type": "file",
      "name": "main.tf",
      "version": "1.0.0"
    },
    {
      "bom-ref": "infrastructure/terraform/aws/envs/prod/terraform.tfvars",
      "type": "file",
      "name": "terraform.tfvars",
      "version": "1.0.0"
    },
    {
      "bom-ref": "infrastructure/terraform/aws/envs/staging/main.tf",
      "type": "file",
      "name": "main.tf",
      "version": "1.0.0"
    },
    {
      "bom-ref": "infrastructure/terraform/aws/envs/staging/terraform.tfvars",
      "type": "file",
      "name": "terraform.tfvars",
      "version": "1.0.0"
    },
    {
      "bom-ref": "infrastructure/terraform/azurerm/envs/dev/main.tf",
      "type": "file",
      "name": "main.tf",
      "version": "1.0.0"
    },
    {
      "bom-ref": "infrastructure/terraform/azurerm/envs/dev/terraform.tfvars",
      "type": "file",
      "name": "terraform.tfvars",
      "version": "1.0.0"
    },
    {
      "bom-ref": "infrastructure/terraform/azurerm/envs/prod/main.tf",
      "type": "file",
      "name": "main.tf",
      "version": "1.0.0"
    },
    {
      "bom-ref": "infrastructure/terraform/azurerm/envs/prod/terraform.tfvars",
      "type": "file",
      "name": "terraform.tfvars",
      "version": "1.0.0"
    },
    {
      "bom-ref": "infrastructure/terraform/azurerm/envs/staging/main.tf",
      "type": "file",
      "name": "main.tf",
      "version": "1.0.0"
    },
    {
      "bom-ref": "infrastructure/terraform/azurerm/envs/staging/terraform.tfvars",
      "type": "file",
      "name": "terraform.tfvars",
      "version": "1.0.0"
    },
    {
      "bom-ref": "infrastructure/terraform/cloudflare/envs/dev/main.tf",
      "type": "file",
      "name": "main.tf",
      "version": "1.0.0"
    },
    {
      "bom-ref": "infrastructure/terraform/cloudflare/envs/dev/terraform.tfvars",
      "type": "file",
      "name": "terraform.tfvars",
      "version": "1.0.0"
    },
    {
      "bom-ref": "infrastructure/terraform/cloudflare/envs/prod/main.tf",
      "type": "file",
      "name": "main.tf",
      "version": "1.0.0"
    },
    {
      "bom-ref": "infrastructure/terraform/cloudflare/envs/prod/terraform.tfvars",
      "type": "file",
      "name": "terraform.tfvars",
      "version": "1.0.0"
    },
    {
      "bom-ref": "infrastructure/terraform/cloudflare/envs/staging/main.tf",
      "type": "file",
      "name": "main.tf",
      "version": "1.0.0"
    },
    {
      "bom-ref": "infrastructure/terraform/cloudflare/envs/staging/terraform.tfvars",
      "type": "file",
      "name": "terraform.tfvars",
      "version": "1.0.0"
    },
    {
      "bom-ref": "infrastructure/terraform/google/envs/dev/main.tf",
      "type": "file",
      "name": "main.tf",
      "version": "1.0.0"
    },
    {
      "bom-ref": "infrastructure/terraform/google/envs/dev/terraform.tfvars",
      "type": "file",
      "name": "terraform.tfvars",
      "version": "1.0.0"
    },
    {
      "bom-ref": "infrastructure/terraform/google/envs/prod/main.tf",
      "type": "file",
      "name": "main.tf",
      "version": "1.0.0"
    },
    {
      "bom-ref": "infrastructure/terraform/google/envs/prod/terraform.tfvars",
      "type": "file",
      "name": "terraform.tfvars",
      "version": "1.0.0"
    },
    {
      "bom-ref": "infrastructure/terraform/google/envs/staging/main.tf",
      "type": "file",
      "name": "main.tf",
      "version": "1.0.0"
    },
    {
      "bom-ref": "infrastructure/terraform/google/envs/staging/terraform.tfvars",
      "type": "file",
      "name": "terraform.tfvars",
      "version": "1.0.0"
    },
    {
      "bom-ref": "infrastructure/terraform/kubernetes/envs/dev/main.tf",
      "type": "file",
      "name": "main.tf",
      "version": "1.0.0"
    },
    {
      "bom-ref": "infrastructure/terraform/kubernetes/envs/dev/terraform.tfvars",
      "type": "file",
      "name": "terraform.tfvars",
      "version": "1.0.0"
    },
    {
      "bom-ref": "infrastructure/terraform/kubernetes/envs/prod/main.tf",
      "type": "file",
      "name": "main.tf",
      "version": "1.0.0"
    },
    {
      "bom-ref": "infrastructure/terraform/kubernetes/envs/prod/terraform.tfvars",
      "type": "file",
      "name": "terraform.tfvars",
      "version": "1.0.0"
    },
    {
      "bom-ref": "infrastructure/terraform/kubernetes/envs/staging/main.tf",
      "type": "file",
      "name": "main.tf",
      "version": "1.0.0"
    },
    {
      "bom-ref": "infrastructure/terraform/kubernetes/envs/staging/terraform.tfvars",
      "type": "file",
      "name": "terraform.tfvars",
      "version": "1.0.0"
    },
    {
      "bom-ref": "legal/VAULTTIME-PRIVATE-v1.md",
      "type": "file",
      "name": "VAULTTIME-PRIVATE-v1.md",
      "version": "1.0.0"
    },
    {
      "bom-ref": "observability/prometheus/prometheus.yml",
      "type": "file",
      "name": "prometheus.yml",
      "version": "1.0.0"
    },
    {
      "bom-ref": "platform/package.json",
      "type": "file",
      "name": "package.json",
      "version": "1.0.0"
    },
    {
      "bom-ref": "platform/pnpm-workspace.yaml",
      "type": "file",
      "name": "pnpm-workspace.yaml",
      "version": "1.0.0"
    },
    {
      "bom-ref": "platform/services/api-gateway/package.json",
      "type": "file",
      "name": "package.json",
      "version": "1.0.0"
    },
    {
      "bom-ref": "platform/services/api-gateway/src/main.js",
      "type": "file",
      "name": "main.js",
      "version": "1.0.0"
    },
    {
      "bom-ref": "platform/services/vector-service/pyproject.toml",
      "type": "file",
      "name": "pyproject.toml",
      "version": "1.0.0"
    },
    {
      "bom-ref": "platform/services/vector-service/src/main.py",
      "type": "file",
      "name": "main.py",
      "version": "1.0.0"
    },
    {
      "bom-ref": "platform/tsconfig.base.json",
      "type": "file",
      "name": "tsconfig.base.json",
      "version": "1.0.0"
    },
    {
      "bom-ref": "scripts/integrity.py",
      "type": "file",
      "name": "integrity.py",
      "version": "1.0.0"
    },
    {
      "bom-ref": "scripts/run_tests.sh",
      "type": "file",
      "name": "run_tests.sh",
      "version": "1.0.0"
    },
    {
      "bom-ref": "scripts/sbom_generate.py",
      "type": "file",
      "name": "sbom_generate.py",
      "version": "1.0.0"
    },
    {
      "bom-ref": "security/SECURITY_ARCHITECTURE.md",
      "type": "file",
      "name": "SECURITY_ARCHITECTURE.md",
      "version": "1.0.0"
    },
    {
      "bom-ref": "security/THREAT_MODEL.md",
      "type": "file",
      "name": "THREAT_MODEL.md",
      "version": "1.0.0"
    },
    {
      "bom-ref": "security/compliance/SOC2.md",
      "type": "file",
      "name": "SOC2.md",
      "version": "1.0.0"
    },
    {
      "bom-ref": "templates/policy.yaml",
      "type": "file",
      "name": "policy.yaml",
      "version": "1.0.0"
    },
    {
      "bom-ref": "tests/e2e.testplan.md",
      "type": "file",
      "name": "e2e.testplan.md",
      "version": "1.0.0"
    }
  ]
}