{
  "name": "async_engine",
  "version": "1.0.0",
  "description": "Prometheus Runtime Async Engine with worker + fallback, cancellation, pooling.",
  "runtime_bindings": ["Prometheus Runtime", "Prometheus Project", "All Projects (global)"],
  "files": ["services/async_engine.ts"],
  "capabilities": {
    "web_worker": true,
    "fallback_main_thread": true,
    "cancellation": true,
    "timeout": true,
    "progress": true,
    "worker_pool": true
  },
  "security": { "csp_safe": true, "blob_url_cached": true, "cleanup": "deterministic" }
}
