{
  "generated_at": "2025-09-03T17:55:51.895636Z",
  "root": "/mnt/data/Prometheus-Universe_enriched",
  "count": 69,
  "items": [
    {
      "path": "prometheus_cli.py",
      "sha256": "bccf6f9b7b362ba13aa59b828d8567d17f2dea6e638194d7e65d1f9903a45c5c",
      "size": 920
    },
    {
      "path": "UPGRADE_REPORT.md",
      "sha256": "6db49ca40bba0c932a6b9edf4d249817a4eff997fb01c069027598a428d5bd3e",
      "size": 277
    },
    {
      "path": "RUNBOOK.md",
      "sha256": "b7eb3f1726d99f997d41d9426e79acb58079fdb192a14e433fcc909ee4e552b9",
      "size": 882
    },
    {
      "path": "version.json",
      "sha256": "2d425cdc11c301c152ee4bdd61d7b3fdac52bc62bf21f039e26324115cb6f37e",
      "size": 145
    },
    {
      "path": "docker-compose.yml",
      "sha256": "67e61152674c19c2bc759acabc70417cae90f88304d02a617e1a7bdf3329fc62",
      "size": 273
    },
    {
      "path": "README_SUPER.md",
      "sha256": "2bbcd03e65de03632d29962b9641d071f7b88e0d8af217f6f04fa673c2360cbf",
      "size": 523
    },
    {
      "path": "SECURITY.md",
      "sha256": "326dc8785ad9eaf55a82e4248254ae11c889c11b5701ba96c8d9dc48a58ab567",
      "size": 242
    },
    {
      "path": "runtime/event_bus.py",
      "sha256": "c1e5b320082cedacf5569a44d218cc6fe3a0044c3d6146008b12604549a32139",
      "size": 626
    },
    {
      "path": "runtime/command_bus.py",
      "sha256": "dfbaaf67224bb3bc8f5cd39420d20ba8623b91d1fb21a8c3204893aa5da64d3e",
      "size": 755
    },
    {
      "path": "runtime/__init__.py",
      "sha256": "f760ebb7aa3dd46ff6e47a4ed72e0e81a1caa77654760835abf5e26f610aebc4",
      "size": 15
    },
    {
      "path": "runtime/commands/start.py",
      "sha256": "49d13f0fe15c808246b0ccca5f27984d7a1af4210d70d1897ec5d48e0f61e132",
      "size": 582
    },
    {
      "path": "runtime/commands/stop.py",
      "sha256": "ab9ae5ce361481601b10d9b3f21b8e6b86a3a2b663d1d58b200bc99d1494c0f7",
      "size": 488
    },
    {
      "path": "runtime/commands/health.py",
      "sha256": "72014c4c1412d395f1c9a55a766f12bf97bfc0295dbe292d5e482bc08258faab",
      "size": 229
    },
    {
      "path": "runtime/commands/__init__.py",
      "sha256": "f760ebb7aa3dd46ff6e47a4ed72e0e81a1caa77654760835abf5e26f610aebc4",
      "size": 15
    },
    {
      "path": "runtime/storage/cloud_adapters.py",
      "sha256": "c9fbe97b005b4987009b394b6f25d17e50c19f781731ef1820d91b879e4add88",
      "size": 1070
    },
    {
      "path": "runtime/hal/__init__.py",
      "sha256": "93b700167a03bba91bc2999f2fa6f0f1a1ce79b4b295b5cdf8ef35aba9c0df78",
      "size": 14
    },
    {
      "path": "runtime/hal/hardener.py",
      "sha256": "5f8c749bc366b76e1f09c5d13eedd06d7ca78a68facadfd3ca014529497f6f01",
      "size": 2589
    },
    {
      "path": "runtime/tbox/__init__.py",
      "sha256": "cca3ae5bead36a2f992a4f489775808dce6abc9fd54dd7be6ed198d2625d49a0",
      "size": 15
    },
    {
      "path": "runtime/tbox/tbox_v3.py",
      "sha256": "9302da571f372bdcab77f97bbf3bfbf2ce2aecb15572a556981f3be2373b72ab",
      "size": 1137
    },
    {
      "path": "runtime/logging/__init__.py",
      "sha256": "9f3df045c05907ee050e5b8b385cc21183fca48f1ae22c52a3d367307db718f3",
      "size": 14
    },
    {
      "path": "runtime/logging/structured_logger.py",
      "sha256": "6ce5ad98975d9ab3dced4086f3b51f3d170dea0d9c85d96346ca260244c7dd2d",
      "size": 874
    },
    {
      "path": "runtime/config/__init__.py",
      "sha256": "49cd1a03682898c73ab153ea3698a04264a9664d3d95dc1d744e0a6d13764880",
      "size": 13
    },
    {
      "path": "runtime/config/loader.py",
      "sha256": "3750297e77ec366adca2d68f181dae1a41e7c97549bf65971c50dfc980a79783",
      "size": 3105
    },
    {
      "path": "tools/sbom/sbom_build.py",
      "sha256": "e2220b012bae9f0acb42179dbb62ed7fe505b7e878bc9fb57b8667fcd9a31912",
      "size": 1718
    },
    {
      "path": "tools/policy/placeholder_gate.py",
      "sha256": "db80c5e1cde69169cdb5be35a249a9e1feae04e8e03b2c678fa204d1624b7404",
      "size": 2142
    },
    {
      "path": "tools/policy/policy_engine.py",
      "sha256": "382df310bec49651362159e66b5886194f2f52770f56aafc37cb1a6fafd7bc8a",
      "size": 1606
    },
    {
      "path": "tools/codex/__init__.py",
      "sha256": "2e2120c2946546711461910a54ad6df9f2850f4d55aa47d5fe6fe40805d9822d",
      "size": 14
    },
    {
      "path": "tools/codex/codex_lock.py",
      "sha256": "671e6c3c91925fc66d7df042e0cd0660e5a00954f0fa2800e4698f14b87c3633",
      "size": 1458
    },
    {
      "path": "tools/vaulttime/__init__.py",
      "sha256": "58a21a58ac74d59ba328d2eec7c9a314afedaabd57177a68be60c8e199a87832",
      "size": 18
    },
    {
      "path": "tools/vaulttime/sign.py",
      "sha256": "d3cb1f818e99465c5a94a874b4f86caf612b2592cdb75d7706de064482817c60",
      "size": 935
    },
    {
      "path": "tools/versioning/__init__.py",
      "sha256": "cd3ab9102adae2393607d85ce193ebb7687f075e1d7d36d0280ef78fb59db354",
      "size": 19
    },
    {
      "path": "tools/versioning/bump_version.py",
      "sha256": "d270110a211d4efc91ba635665203b4c44a47e3d8c8fee43e4491cf95d77c2cc",
      "size": 589
    },
    {
      "path": "tools/wizards/__init__.py",
      "sha256": "bc0254e24781cf83274d763f41c36ca929a67810672a3de75d638799d7e55498",
      "size": 10
    },
    {
      "path": "tools/wizards/rav4_777_wizard.py",
      "sha256": "a054ffc54e4c61cdba63a2501addec063f8e59516d9897a32f9d330bb62b10c9",
      "size": 904
    },
    {
      "path": "tools/wizards/nagl_777.py",
      "sha256": "349d6546d5c2eb30912ef48510d04643835bc9d57a752cea8c6ef89719fdc498",
      "size": 806
    },
    {
      "path": "tools/gibberish/__init__.py",
      "sha256": "e4eb3878ec910aecca19a4daf0ee247028dae63da20e0cb65d1e019ebe0c16f0",
      "size": 18
    },
    {
      "path": "tools/gibberish/gibberish_gen.py",
      "sha256": "214c0e1d1c7300bbece5137275801d9cc8c47911a0a8c8f36aa67e3a4ccbc199",
      "size": 215
    },
    {
      "path": "tools/compiler/__init__.py",
      "sha256": "da81cabad4c133d9f9cf6e4a5543cafa2744ce62d0583208b2e12900ee8ebe91",
      "size": 17
    },
    {
      "path": "tools/compiler/build.py",
      "sha256": "522eb6edb3a8ba16f950f47101ca4433068a2012c86cbfd99defb9ba3399deea",
      "size": 290
    },
    {
      "path": "tools/testing/__init__.py",
      "sha256": "411606f19fa6a31731e2b5ac56882185de57cf66f7dabb7e6f19c75f9f5f1aa9",
      "size": 16
    },
    {
      "path": "tools/testing/test_runner.py",
      "sha256": "2ac2d9ed466140cc993a3202b0db4762022e0fda309c5796c37c7630945ba1b2",
      "size": 63
    },
    {
      "path": "config/roles.yaml",
      "sha256": "c565f6233c3e7aa2e7acf504709914b78f7f9692505642f7e7be07e95bb7a2ac",
      "size": 573
    },
    {
      "path": "config/jobs.yaml",
      "sha256": "ad200964b2c59d829e5712e83476c9fbe1baf1a53762f870774a6a8a9ed65fb5",
      "size": 426
    },
    {
      "path": "config/classes.yaml",
      "sha256": "f3a1ae05d6df79c57e30767bc128e1c4c2744b6f530db1f24fc777217d94259d",
      "size": 444
    },
    {
      "path": "config/policy.yaml",
      "sha256": "0236330c2a103aff250909d5f186043edc85d14b0737ab94e7bfd7fb301bd61b",
      "size": 221
    },
    {
      "path": "tests/test_bus.py",
      "sha256": "8343373fa7ef1d682a48ee9a0328100d4d42f069579165273e8d1c93e5254eb8",
      "size": 348
    },
    {
      "path": "tests/test_policy_engine.py",
      "sha256": "0659885557915ffd9236344b409bc9a3e373dc25d51319513225523b4cd9a654",
      "size": 152
    },
    {
      "path": "tests/test_cli.py",
      "sha256": "56f8980a5edf76516f85cce011615e12b46f9058f89394eaa8bb0f74e8d0f26b",
      "size": 221
    },
    {
      "path": "tests/test_gateway_health.py",
      "sha256": "8c1751f282eecb744e595cff8a2816b44b3368f34c3dbc265a246d8e856b9fac",
      "size": 229
    },
    {
      "path": "services/gateway/prometheus_ai_gateway/requirements.txt",
      "sha256": "5792fcf4f8dfdf2ba8acf70ce8733feb594d7096464a005435dd9a91a7cee12d",
      "size": 25
    },
    {
      "path": "services/gateway/prometheus_ai_gateway/main.py",
      "sha256": "5a915e84ba2b32d188991e6c15b8f9695ae6354769a4b57a9278e1c0e992bc79",
      "size": 820
    },
    {
      "path": "services/reverse_proxy/prometheus_kong/config.yaml",
      "sha256": "16651a5cadc0ff8a72077c9ad1937a94fe032c46a8ebeeabe7a7254e63625d91",
      "size": 354
    },
    {
      "path": "services/control_nexus_backend/requirements.txt",
      "sha256": "e9af2913de609d1de45b2fbab270c5a77281543c4dab6d1dd182f221fd04f683",
      "size": 16
    },
    {
      "path": "services/control_nexus_backend/main.py",
      "sha256": "a2a4736da80dc76ed7fa1fc05c19d60cda2b9e8f06301bbc6fa17b7b52af774d",
      "size": 462
    },
    {
      "path": "ui/control_nexus/index.html",
      "sha256": "f3a7ecaed39ed583760174023343f0e10437dbd7da957d0205921db40b7052c4",
      "size": 747
    },
    {
      "path": ".github/SECURITY.md",
      "sha256": "f7d4273af0e525be264a03acc4583963fbc26fa4f13cdb3a9d4367e68dcdf9af",
      "size": 19
    },
    {
      "path": ".github/pull_request_template.md",
      "sha256": "b50d55f4a9d4542b5cf46974da121a4f31a666547a3277c34c417f7223600794",
      "size": 179
    },
    {
      "path": ".github/workflows/ci.yml",
      "sha256": "57da81c0782050efd5e737ca3c28487ba0ee721a92881bcffffad67a595d9504",
      "size": 677
    },
    {
      "path": ".github/workflows/security.yml",
      "sha256": "c67ed129144a9262a3ca7894a6d40def77e4409106a9936f3d2c8227947a440b",
      "size": 475
    },
    {
      "path": "docker/Dockerfile",
      "sha256": "a09fb778877cea85a176e83d31e4af6a0c96cbb1895a86d6a5b413cd122a8b8c",
      "size": 200
    },
    {
      "path": "scripts/forge_zip.sh",
      "sha256": "05573538c6e20193484679dc1496696b513cca8ae54ba881aaa42c272757cd90",
      "size": 202
    },
    {
      "path": "kube/gateway/deployment.yaml",
      "sha256": "7dd35c2ac5cd20b3a7ebef12d4321ba5984cebe48c49826bdd0022d4daa0c91a",
      "size": 575
    },
    {
      "path": "kube/gateway/service.yaml",
      "sha256": "81afb370870a68695bfa1cbf7f4d8f28cf282875d36562f8a167aa389cbad7b7",
      "size": 185
    },
    {
      "path": "kube/gateway/ingress.yaml",
      "sha256": "4bddd7af81cf18777f24fc963c95816fbcc807b2a5797b010ea1cc90c1a69953",
      "size": 349
    },
    {
      "path": "charts/prometheus-gateway/Chart.yaml",
      "sha256": "738ce9fd09f275bfb3defa8e2a08f51c5a72eeb922804277e42b022505b148d0",
      "size": 143
    },
    {
      "path": "charts/prometheus-gateway/values.yaml",
      "sha256": "a25000fa0b46c0a248bd4245f164bbb2c6b26b4fcd2d45e3c46958ada0309305",
      "size": 157
    },
    {
      "path": "charts/prometheus-gateway/templates/deployment.yaml",
      "sha256": "af7c31bf0814b43c8fd9466b23f1d25caeea84178e490221e3815d3ae200f348",
      "size": 693
    },
    {
      "path": "charts/prometheus-gateway/templates/service.yaml",
      "sha256": "c0b9f362ff0afa845b7e2c1570a20f01cd1afbe7b3a68442c57a8808d38a4817",
      "size": 253
    },
    {
      "path": "charts/prometheus-gateway/templates/ingress.yaml",
      "sha256": "b151512cd28e9821de2ba9f53178e0612a4596883f1ffb3b6431b09a3cd65b93",
      "size": 473
    }
  ]
}